Well_Name,depth_top,depth_bottom,SP,PE,GR,AT10,AT20,AT30,AT60,AT90,AC,CNL,DEN,POR_index,Ish,ID,LITH
Le11,1500.3634,1501.2111,50.86101007,2.884438574,133.3740826,15.26834488,16.17434776,15.71756423,15.95029116,16.43383014,237.4775143,20.64169073,2.646911144,-0.181747386,0.416870415,chang7,1
Le11,1501.2111,1509.5474,46.16383199,2.81017645,102.0935034,23.4897436,25.96010163,25.93790054,26.14955386,27.15501774,231.5953899,16.10836777,2.601221828,-0.060898841,0.260467517,chang7,2
Le11,1509.5474,1512.5154,47.44940521,3.186494217,191.7079089,22.37042931,24.16969124,24.66847794,24.9581031,26.32070717,275.615108,27.48355484,2.539653673,-0.200737379,0.70853955,chang7,1
Le11,1512.5154,1515.5439,42.55698959,2.646003475,90.26080963,30.89708458,38.96893867,38.41318359,38.64804268,40.58006401,231.2821698,15.1576009,2.554865704,-0.049441441,0.201304047,chang7,2
Le11,1515.5439,1516.3663,41.15122366,2.637673855,112.8854694,24.44014287,30.30525064,31.29934621,31.32911777,33.00483608,237.8290043,18.68823361,2.561426371,-0.096339221,0.314427344,chang7,3
Le11,1516.3663,1517.1288,41.1040644,2.669429098,94.29001944,35.208801,38.46313368,39.16339329,39.39690018,41.44227655,237.8125153,15.39426531,2.565605572,-0.088154786,0.221450099,chang7,2
Le11,1517.1288,1518.0084,41.84455585,2.767323226,138.6157665,20.6071353,28.08675671,28.83481359,29.00038004,31.01127434,246.5722904,20.79169106,2.595450491,-0.162206237,0.443078831,chang7,1
Le11,1518.0084,1520.8884,41.1679457,2.681527843,87.98175208,28.85037514,32.56745179,32.37136149,32.73396715,34.06807502,231.9703306,14.24167442,2.55175661,-0.040420976,0.189908759,chang7,2
Le11,1520.8884,1521.7334,43.3034091,2.902184129,111.2868214,27.67008781,29.52553606,29.51415706,29.69633555,30.66278625,232.6143799,17.95208645,2.615640372,-0.086024764,0.306434104,chang7,3
Le11,1521.7334,1534.9859,43.63425307,2.73483933,87.81183845,32.13642468,34.65258645,33.93062813,34.16284431,35.3453734,228.7552312,13.22267174,2.579781047,-0.038305529,0.189059192,chang7,2
Le11,1534.9859,1536.7031,49.52985179,3.055928691,161.2254832,28.78258769,33.18392258,31.39070613,30.97457835,31.92636668,250.76014,21.88330358,2.559194962,-0.184087762,0.556127414,chang7,1
Le11,1536.7031,1538.8436,50.82078383,2.791164782,110.8328968,21.12485997,24.70144161,24.93362617,25.98947472,27.7428725,234.9075182,16.9996313,2.557992551,-0.094303546,0.304164486,chang7,3
Le11,1538.8436,1540.5813,50.35738093,2.676264938,81.62517598,42.7752931,46.83598328,45.17311172,45.38381093,46.52171783,232.0257955,14.92474721,2.527647686,-0.016690908,0.158125879,chang7,4
Le11,1540.5813,1550.3598,47.96283746,2.677871943,90.97983619,28.52643385,31.38048201,30.78515021,31.04591254,32.15124171,230.0021528,14.19927822,2.578834642,-0.038502521,0.20489918,chang7,2
Le11,1550.3598,1554.3565,48.69018462,2.796372341,114.1537094,26.1268362,27.14641866,26.53263271,26.56482084,26.84929692,231.5988279,15.56365195,2.6004649,-0.118999861,0.320768548,chang7,3
Le11,1554.3565,1556.7903,53.52564545,2.928504431,143.7116871,23.17910461,24.19635143,23.94656792,24.30556526,25.32842779,245.4901154,20.58542566,2.604295564,-0.168583121,0.468558431,chang7,1
Le11,1556.7903,1558.8191,55.14402524,2.749370883,101.7272487,25.01148953,31.7921091,30.50714818,30.48341044,31.84173741,228.922576,15.34282292,2.588521368,-0.081668993,0.258636242,chang7,3
Le11,1558.8191,1561.7124,55.43808699,2.592748354,137.9751593,15.02443206,16.36491966,16.14223921,16.36199927,17.05494289,236.902284,17.92682735,2.603974521,-0.165757282,0.439875794,chang7,5
Le11,1561.7124,1565.4718,48.73902462,2.706153054,91.15953015,31.11504592,35.33021293,35.09434214,35.53903229,37.4248512,228.5591775,14.83543374,2.570695562,-0.025245664,0.205797651,chang7,2
Le11,1565.4718,1570.933,52.15220922,2.914590931,116.7038503,25.42792651,26.7228252,26.16391881,26.31682515,27.10415404,231.759141,17.64693358,2.630083217,-0.091701117,0.333519252,chang7,3
Le11,1570.933,1573.1132,57.76636781,2.869898174,175.9040587,17.27218919,20.79066292,20.7513103,20.97011932,21.94661972,261.7239583,24.05443859,2.561843064,-0.178420348,0.629520287,chang7,1
Le11,1573.1132,1578.4679,57.80537493,3.099207748,137.5969531,22.70848569,23.56204787,22.84469136,22.95325821,23.4299567,241.83217,22.25008496,2.64826806,-0.072515762,0.437984765,chang7,3
Le11,1578.4679,1582.1255,55.34841576,2.914209978,117.6322912,30.18118432,31.85952028,30.20887057,30.18981438,30.40971489,234.4554454,17.55371412,2.587877623,-0.016510064,0.33816146,chang7,2
Le11,1582.1255,1585.3686,52.67404373,2.431339211,160.1837593,20.62343357,20.69725319,20.1986955,20.61303266,21.32137998,252.7071166,20.21970205,2.532816127,-0.166522551,0.550918801,chang7,1
Le11,1585.3686,1596.5368,7.081024464,3.402642989,409.8563114,63.76733782,78.02115856,76.47779278,78.29135191,85.29764629,326.4790865,44.19209796,2.265195314,-0.170243597,1.799281555,chang7,6
Le11,1596.5368,1597.6697,9.061083126,2.74805882,213.2746239,22.01884899,25.42576141,26.29215965,30.55518761,34.66978188,288.1946411,29.5289772,2.451924086,-0.173445202,0.816373119,chang7,4
Le11,1597.6697,1600.4815,16.16548401,3.112826886,258.6864365,45.27727757,51.03328298,51.23277531,52.44612918,56.03415298,280.5712877,29.93818623,2.440422359,-0.208909251,1.043432186,chang7,6
Le11,1600.4815,1601.1581,27.42282645,2.753041546,164.0476227,68.36016591,78.64518547,79.74378014,80.8722585,86.06018384,253.6671321,19.76691373,2.488454143,-0.171952394,0.570238118,chang7,2
Le11,1601.1581,1602.8942,31.73645948,2.984158961,254.9895345,65.54272474,79.14017232,79.54360199,80.47781677,84.20669505,275.4647868,26.5688249,2.434428898,-0.22360606,1.024947671,chang7,6
Le11,1602.8942,1603.1905,33.88766988,2.598789215,154.929484,71.80016073,83.00831858,80.68492381,77.48714701,77.34412638,270.844279,24.42103831,2.440852642,-0.150317686,0.524647405,chang7,2
Le11,1603.1905,1603.9693,36.11727306,2.988320453,253.0798536,66.16306305,78.66052737,76.59860393,74.0499758,74.20960999,290.4590585,31.18104635,2.420856169,-0.210189785,1.015399243,chang7,6
Le11,1603.9693,1606.8542,38.75605838,2.459425241,162.1314004,32.04954235,34.66044474,35.0336175,35.24641506,36.55191859,278.0406494,25.15337332,2.400456001,-0.185699932,0.560657006,chang7,5
Le13,1212.1571,1216.9733,59.6855464,2.923284364,195.0682335,13.36841633,14.20844314,14.22976279,14.23537347,14.21643264,278.306216,27.39268494,2.529426539,-0.215167444,0.725341168,chang7,1
Le13,1216.9733,1221.4187,59.79677211,2.896040272,132.2139336,18.28216914,18.32828058,18.43485023,18.50555224,18.64797334,233.3926524,18.19518391,2.630906556,-0.062407093,0.411069667,chang7,3
Le13,1221.4187,1226.9216,54.46815745,2.760681703,122.8347126,18.27693602,18.23709102,18.40297854,18.60989359,18.74803558,232.4785366,17.93641644,2.601896307,-0.002147177,0.364173563,chang7,2
Le13,1226.9216,1227.6096,53.58481162,2.985303708,189.7299848,10.27295494,10.98204667,11.44803946,11.57411466,11.82365799,275.0986481,26.18878147,2.565921477,-0.203960143,0.69864993,chang7,1
Le13,1227.6096,1230.048,50.56681824,2.570739803,94.41741471,26.72088055,28.0882211,29.1329571,29.4615796,29.92331051,237.5534247,16.90563738,2.503082616,-0.006303508,0.222087076,chang7,4
Le13,1230.048,1235.5322,54.21541841,2.882671372,113.1472346,26.07293799,26.63217634,27.03567462,27.33239373,27.6082069,231.1717438,18.62220972,2.591121043,0.018306559,0.315736173,chang7,2
Le13,1235.5322,1236.9535,61.12373638,3.048636258,186.5888367,29.33259137,30.32889573,30.83840164,30.96741056,31.23078203,263.0030441,27.37335141,2.560804009,-0.149012818,0.682944184,chang7,1
Le13,1236.9535,1243.6589,61.26624936,2.609444176,103.4763338,44.50986668,42.80270112,44.32551908,46.14769571,47.05001651,237.0603713,19.04241413,2.535937214,0.020320022,0.267381669,chang7,2
Le13,1243.6589,1245.4149,55.81858393,2.686963256,121.5345693,32.90871607,30.62726224,31.33008436,32.15658201,33.00490481,237.2537181,21.01351929,2.604301659,-0.017437686,0.357672848,chang7,3
Le13,1245.4149,1249.7487,52.57501708,2.544465972,101.7386966,50.02076562,45.21476067,46.58974605,47.62112141,49.0557874,233.5777041,18.55107726,2.527278317,0.005676622,0.258693483,chang7,4
Le13,1249.7487,1251.9162,56.129975,3.037978397,130.7606528,30.59260633,29.13138718,29.32195918,29.80446678,30.07429843,236.1429426,20.94407929,2.607659658,-0.046517605,0.403803261,chang7,3
Le13,1251.9162,1258.283,56.72815682,2.497868465,98.78415401,49.36019762,49.73281879,52.90428341,56.37914984,57.54506089,234.5724995,18.91717027,2.518913654,0.028318683,0.243920771,chang7,2
Le13,1258.283,1261.1954,53.48810275,2.476625105,92.67478689,84.15595659,67.68028625,70.55393219,74.29618835,77.65228971,232.5563812,17.93625442,2.507879059,0.030138923,0.213373934,chang7,4
Le13,1261.1954,1262.0082,55.68617678,2.942323148,137.4972744,40.741961,34.41397357,34.43521118,36.00163841,36.84356332,239.8779583,23.77839613,2.652477294,-0.092275957,0.437486377,chang7,1
Le13,1262.0082,1265.598,57.94877853,2.968762612,131.5560254,38.42953097,37.98287182,39.53129698,41.07021688,41.40204487,239.5978338,21.79955088,2.603440166,-0.106921491,0.407780127,chang7,3
Le13,1265.598,1267.5633,56.6368848,2.729753775,98.63471581,45.92803405,43.88108938,45.00814741,45.44466961,46.13718886,222.4232043,16.33738114,2.58722029,-0.01308774,0.243173578,chang7,2
Le13,1267.5633,1270.2726,59.77029717,3.030169435,131.7845651,34.27340731,31.79528319,31.35004765,31.30996273,30.86267587,238.4836532,20.91192644,2.620201453,-0.109062249,0.408922825,chang7,3
Le13,1270.2726,1271.2225,61.03619639,2.978342825,93.06976997,128.5219099,82.69717322,69.94137361,67.04418733,65.31409412,201.0846575,12.32230218,2.671775315,0.011291828,0.215348848,chang7,2
Le13,1271.2225,1272.3712,60.24054985,2.716592431,116.4100418,59.23919754,44.65249252,39.42140121,38.32823391,36.50837879,218.9111969,18.08912611,2.628839302,-0.03110174,0.332050209,chang7,3
Le13,1272.3712,1278.6025,57.2413838,2.598975336,99.78275419,45.66463755,42.649695,43.36547485,44.05460619,44.21784442,229.6664695,17.39484634,2.57363231,0.011849319,0.24891377,chang7,2
Le13,1278.6025,1280.2959,59.87201258,3.093781789,131.7524623,26.44186478,27.15807279,28.02040316,28.72736473,29.07333107,233.569932,20.90617778,2.658569336,-0.098850633,0.408762316,chang7,3
Le13,1280.2959,1285.1725,58.44306698,2.75789023,100.5406839,42.36001215,39.3218039,39.92252107,40.41163807,40.66016483,227.0097988,17.25436707,2.590428805,0.016710334,0.252703419,chang7,2
Le13,1285.1725,1285.9177,59.82295336,2.751377004,127.7568207,26.98599734,26.28587832,26.5891195,26.93877629,27.1342392,243.7888685,23.35381317,2.576959099,-0.074865114,0.388784102,chang7,3
Le13,1285.9177,1288.2883,60.99818287,2.584104931,96.95032425,37.67938843,37.81141024,39.20937614,40.59534674,41.28433762,236.292363,19.21615877,2.546754277,-0.008648486,0.234751622,chang7,4
Le13,1288.2883,1289.2364,61.22015847,2.86149176,121.119289,28.2950503,28.4438307,29.08628464,29.40909301,29.63225725,229.6011234,20.20479944,2.643433385,-0.060488916,0.355596446,chang7,3
Le13,1289.2364,1291.4039,61.51395607,2.974770361,100.9152086,33.95995776,34.91247272,35.88240539,36.26000733,36.65701559,219.8465034,18.02719572,2.652539651,0.004776548,0.254576043,chang7,2
Le13,1291.4039,1292.5553,61.82389374,2.903083873,122.3635162,27.53466644,27.8050209,28.29576702,28.99436722,29.22625484,231.6868866,21.65751114,2.669826007,-0.055156487,0.361817579,chang7,3
Le13,1292.5553,1294.6556,60.28928227,2.796602739,98.52837796,35.56995667,34.53966745,35.17922592,35.55077479,36.10990365,229.9917382,19.25789812,2.630757133,0.000830119,0.242641892,chang7,2
Le13,1294.6556,1298.0421,62.48767035,3.489551885,150.9055149,23.32643614,22.72899127,22.98707168,23.33176616,23.53825392,249.1302997,27.1404391,2.671950902,-0.139509286,0.50452757,chang7,1
Le13,1298.0421,1301.2255,61.62921583,2.835289643,106.687846,36.77803678,33.60564415,33.8606318,34.46618696,34.73843156,224.5512425,20.62354675,2.664354223,0.00365829,0.283439229,chang7,3
Le13,1301.2255,1302.7152,62.89917843,3.050969711,91.08214863,56.39061708,48.72159679,49.80261289,51.3738572,52.10299653,215.1415558,17.33718036,2.662373763,0.032103907,0.205410744,chang7,2
Le13,1302.7152,1309.8949,63.04088264,3.096021241,127.1842488,34.85552334,33.63157111,34.11206354,34.59186192,34.93767765,236.9985017,23.13951647,2.664420535,-0.069576509,0.385921246,chang7,3
Le13,1309.9625,1311.5182,64.63921415,3.298585195,246.5590856,44.71047328,45.51636857,46.83732018,47.86188595,48.85591859,294.7489741,38.26659555,2.46541291,-0.157847169,0.982795436,chang7,6
Le13,1311.5182,1317.4093,63.97882406,3.118398622,140.7627381,39.76548751,40.27326504,41.49704766,43.60332259,44.71154865,244.9092627,28.41644351,2.642306944,-0.090683603,0.45381369,chang7,3
Le13,1317.4093,1328.855,66.96957188,3.325899216,374.9224258,172.9382452,143.2742332,154.9842365,177.4008184,201.0732658,344.9208029,42.71144561,2.297814356,-0.222361575,1.624612131,chang7,6
Le13,1328.855,1331.9695,62.88166706,2.835444175,163.034555,281.9911704,159.3745271,181.0318306,205.6842519,181.1690822,249.1775343,21.6263738,2.514036765,0.005775127,0.565172774,chang7,2
Le13,1331.9695,1333.8126,61.09302115,2.514569938,195.1044426,25.11222631,28.69243622,30.11063993,30.88960695,31.09815168,272.1196489,26.47525585,2.483574584,-0.2105035,0.725522215,chang7,5
Le15,1754.4631,1757.8313,88.23736218,2.781481198,192.6939757,14.32165095,14.6910429,15.17343978,15.30481315,15.16073663,256.4794818,24.73764413,2.546292637,-0.206160564,0.71346988,chang7,1
Le15,1757.8313,1759.6953,77.18981981,3.177807361,125.9462318,34.01795399,30.59746361,31.70616698,32.01465058,31.09745824,248.0107298,21.20213044,2.561552063,-0.094198794,0.379731156,chang7,3
Le15,1759.6953,1761.9369,71.6650226,2.866733087,93.8017807,49.1017323,40.8548718,41.3923638,41.9621058,41.37339707,236.4791051,17.19142542,2.55347607,-0.025252608,0.219008903,chang7,4
Le15,1761.9369,1762.699,72.40618243,3.043491091,115.18367,20.2818331,18.93498257,20.05031586,20.77849061,20.62108013,237.6721802,21.00287683,2.566453525,-0.047297877,0.325918351,chang7,3
Le15,1762.699,1764.6039,72.81326723,3.002283618,94.85086489,60.79418325,51.46655405,54.07509089,54.47833824,52.91632843,232.4829865,18.54445481,2.528479517,-0.006308882,0.224254325,chang7,2
Le15,1764.6039,1766.9322,74.14475975,3.057034791,107.3867493,37.5979269,34.49297514,35.30658588,34.83846512,33.41948853,229.499041,19.00764799,2.619615471,-0.027152522,0.286933746,chang7,3
Le15,1766.9322,1768.4145,71.55337642,2.998664379,98.23135435,79.35468938,57.42415061,59.93297254,58.79026266,55.51881996,225.7787476,17.6951594,2.573541329,-0.006701417,0.241156769,chang7,2
Le15,1768.4145,1769.0058,70.32815297,2.959257126,108.2140477,46.19879278,35.96678543,35.72856712,35.22663434,32.21773783,225.9612503,18.66714923,2.599521279,-0.023276597,0.29107024,chang7,3
Le15,1769.0058,1773.1551,69.54857321,2.871599625,93.05998477,80.6587879,60.37627422,60.5209253,59.19177706,54.09360313,217.6214586,14.8399523,2.561359546,-0.003627562,0.215299924,chang7,4
Le15,1773.1551,1773.917,78.57731628,2.677295242,114.6698281,51.47830527,41.92890058,42.3637837,41.35527529,37.68271991,229.3454742,17.54771778,2.59995263,-0.060152922,0.323349142,chang7,3
Le15,1773.917,1775.3986,80.59859819,2.780619071,103.9815856,77.13070855,60.57410314,62.2664792,59.60527713,55.07107485,227.8206412,16.38284999,2.564977316,-0.032537286,0.269907926,chang7,2
Le15,1775.3986,1776.3107,80.19796181,2.956120282,122.4975986,43.37772512,39.8642621,40.07916594,38.72861385,36.17292666,230.1641655,20.26511812,2.611698955,-0.059780523,0.362487994,chang7,3
Le15,1776.3107,1777.3157,75.38249715,3.127029286,179.5049413,71.15919452,54.39059872,58.18539174,54.81340027,50.18000921,248.2850766,21.55662431,2.589694712,-0.177774709,0.647524705,chang7,1
Le15,1777.3157,1790.4691,73.28453719,2.7309933,89.20196382,69.19902809,61.825573,66.30287088,62.8362042,58.3148839,218.4326713,14.25110512,2.536073691,-0.005972074,0.196009819,chang7,4
Le15,1790.473,1791.2668,83.91616603,2.937720026,169.3581129,43.39925439,47.2743563,50.42168154,47.98084096,44.74490029,245.5507268,23.85445431,2.511402845,-0.14434861,0.596790569,chang7,1
Le15,1791.3197,1792.3781,83.34451294,2.729211251,94.16876136,47.76093631,55.72729068,63.23822742,57.36627621,51.88512887,220.2905189,16.18889777,2.549411906,-0.006308419,0.220843809,chang7,4
Le15,1792.3781,1793.1718,83.39789145,2.943427835,164.026353,45.76637868,54.73971122,53.44966507,50.29577964,47.9856442,245.2419652,21.9450828,2.538835287,-0.16032598,0.57013177,chang7,1
Le15,1793.1718,1795.6055,86.06440659,2.814400518,118.8973221,65.91050224,72.9046587,85.36482582,79.67835159,75.16343479,241.4694366,22.15292912,2.495873892,-0.034184222,0.344486611,chang7,2
Le15,1795.6055,1797.3521,87.98378296,3.430595875,283.3652934,51.81195119,59.76927287,76.04698868,77.06812566,74.74926631,299.3500366,41.82087034,2.381737852,-0.129445452,1.166826479,chang7,1
Le15,1797.3521,1799.9979,79.5867639,2.680866328,129.1133527,45.10727986,57.9569348,75.64238938,78.86511785,81.99387273,262.9000903,29.48194998,2.433848858,0.021669347,0.395566761,chang7,2
Le15,1799.9979,1800.6329,74.61518606,2.763640046,202.1931356,58.0410099,65.92590586,75.75456492,77.19278399,77.82697868,271.0240148,32.54569976,2.457546234,-0.065882206,0.76096568,chang7,1
Le15,1800.6329,1801.9028,76.0083528,2.756187309,127.8710764,55.73164784,59.98554871,69.95909413,70.20980436,70.57785156,252.2584686,27.09163891,2.423576182,0.014007467,0.389355378,chang7,2
Le15,1801.9028,1803.5974,84.36249491,3.086756229,182.922935,27.96997757,36.30300852,44.04204623,50.88461558,51.63193944,258.3690796,31.92775269,2.488084157,-0.113296024,0.664614669,chang7,1
Le15,1803.5974,1805.9773,93.88755341,2.816516352,135.7236046,41.74717827,49.04904671,55.0347208,55.7511117,55.17690725,237.7459686,24.86510248,2.504691637,0.018225602,0.428618021,chang7,2
Le15,1805.9773,1807.8823,92.88845158,3.204149351,156.8643322,28.81429803,36.15610111,40.23374033,40.49418056,39.81096673,244.9513712,28.00741923,2.557638764,-0.091033596,0.534321658,chang7,1
Le15,1807.8823,1808.9939,94.71581268,2.818599963,108.0654411,48.72237396,55.9428196,64.86672516,65.85814514,66.60959587,227.5528275,20.43607178,2.54838419,0.026799931,0.290327205,chang7,4
Le15,1808.9939,1819.947,77.47370452,3.223430706,316.1275148,27.72773386,29.74981336,31.97136626,32.24779937,31.97707424,308.304341,47.22284945,2.403236968,-0.095873248,1.330637576,chang7,6
Le15,1819.947,1820.7408,78.76401193,2.84439608,168.7425526,44.75003161,46.99951717,52.45033155,53.35278947,51.99544144,258.9029606,30.72341946,2.392285722,-0.009478471,0.59371276,chang7,2
Le15,1820.7408,1821.5882,76.76764107,2.763715535,267.2905159,23.90729141,25.24189115,27.08053994,27.4722271,26.86309052,274.9720688,38.42109132,2.455598116,-0.094360891,1.086452559,chang7,1
Le15,1821.5882,1822.7516,77.59565048,2.502216148,117.089521,56.44184437,53.30850182,57.73407307,59.08656578,58.59039116,256.2747162,33.39876404,2.483256698,0.033552121,0.335447603,chang7,4
Le15,1822.7516,1826.3498,80.41553243,3.323146017,296.0717941,28.62588523,27.05885703,27.94580135,28.23562495,27.48751615,289.9965062,44.00320562,2.433047207,-0.087431321,1.230358968,chang7,1
Le15,1826.3498,1834.3401,89.51372563,3.12436018,216.3343238,64.92157449,60.95476793,63.85118546,63.53017737,60.56399093,267.0873425,36.04632683,2.466925298,-0.102842424,0.831671621,chang7,6
Le15,1834.3918,1836.933,89.84627497,2.885827496,187.7230112,74.27635175,66.92148536,66.39431872,64.84561203,61.27098365,272.4304577,35.20047179,2.45952479,0.063447451,0.688615057,chang7,2
Le15,1836.933,1838.203,88.89274805,3.450138829,286.9510678,163.4487946,121.4467579,119.0858123,119.5216488,118.375928,309.5312888,51.03862485,2.349364953,-0.050661538,1.184755331,chang7,1
Le15,1838.203,1841.1141,81.12952328,2.641725938,153.3541867,15.29039027,14.17887092,14.19781228,14.56467748,14.74896161,290.9791781,36.49346622,2.463333666,-0.143515725,0.516770934,chang7,5
Le34,1709.7836,1712.366,61.94036588,3.230390982,139.4034126,22.18022598,25.5870285,27.07679341,28.52194855,28.68665028,254.2198417,25.7285777,2.595417955,-0.082559957,0.447017064,chang7,3
Le34,1712.366,1714.6937,62.64513607,3.235855913,142.4009552,30.36136866,33.27346067,35.19336414,37.31826572,37.71477365,244.5864441,25.18014221,2.607774603,-0.070146843,0.462004776,chang7,3
Le34,1714.6937,1715.8786,64.49218178,3.390559125,167.1855698,19.50641232,20.81737423,21.49522629,22.35679264,22.47776489,268.7740875,30.39191074,2.549844503,-0.134684251,0.585927847,chang7,1
Le34,1715.8786,1722.9477,58.82025495,2.808378491,97.88415198,39.86851962,39.50327692,40.96890884,44.24585083,44.97015493,228.1454205,16.69576467,2.559089928,-0.020794218,0.23942076,chang7,2
Le34,1722.9477,1724.3448,60.09512107,2.823564927,108.6182353,34.42077128,34.04559692,35.03033511,36.96876367,37.99101861,228.1752446,17.58558575,2.592781623,-0.030339976,0.293091174,chang7,3
Le34,1724.3448,1734.6319,57.50641163,2.695629872,91.39712855,41.7215169,40.38158302,41.7552891,44.84920548,45.88945058,227.3325111,15.66541483,2.539192981,-0.018265262,0.206985643,chang7,2
Le34,1734.6319,1736.9599,56.33598995,3.198010159,147.1336651,24.9215661,25.59539666,26.25079961,26.93831306,27.25600553,247.1948471,25.71042242,2.629560471,-0.086095223,0.485668322,chang7,3
Le34,1736.9599,1740.8968,51.97366261,2.859106608,195.2294836,13.44997755,14.92761549,15.38533014,15.25569302,15.14129528,273.1507053,29.01728374,2.546124414,-0.197532115,0.726147421,chang7,1
Le34,1740.8968,1744.791,47.67747843,2.861674793,100.0301926,33.87336519,35.35853857,36.7073639,38.24776185,38.99855366,229.4292197,17.46315533,2.566898271,-0.02122478,0.250150965,chang7,2
Le34,1744.791,1746.8242,52.92684577,2.992554917,119.4480918,28.07229827,28.55133461,29.19021068,30.01029979,30.50701826,235.0594393,20.83074446,2.606496026,-0.039256934,0.347240462,chang7,3
Le34,1746.8242,1763.7141,54.58991396,2.754737417,96.32942531,45.24912357,44.57504219,46.04001261,50.56844282,51.7653126,229.3856506,17.5012995,2.545672925,-0.011256032,0.231647127,chang7,2
Le34,1763.7141,1765.4509,60.45596695,3.006488673,120.7692586,32.27182185,30.91665637,30.62377536,31.51604182,31.92568118,231.1987406,21.48225085,2.627920516,-0.028152916,0.35384629,chang7,3
Le34,1765.4509,1767.2709,58.98817348,2.765848964,91.64459181,50.83505321,48.44695091,48.56966329,49.98927808,50.79255748,226.454236,17.53961003,2.54402858,0.011417499,0.208222959,chang7,4
Le34,1767.2709,1768.8371,59.89157295,3.123462081,121.8943318,32.76995209,31.69022587,31.95396273,32.77183764,33.45741408,231.1656124,22.14530318,2.621239322,-0.023277884,0.359471655,chang7,3
Le34,1768.8371,1772.2238,59.11245401,2.70506961,93.84144865,46.02303192,43.71122496,45.16551208,48.24189704,49.69762448,227.9664437,18.00196913,2.562302521,-0.001086112,0.219207244,chang7,2
Le34,1772.3084,1772.7318,61.123806,2.804583311,113.8068333,34.10013866,32.57448959,33.08594847,35.19322586,36.17332554,235.3293915,22.28657722,2.598264873,-0.014397273,0.319034167,chang7,3
Le34,1772.7318,1774.1711,61.27964137,3.062078183,87.95728185,67.41120148,61.55968578,64.47758455,72.79001676,73.56933623,217.8442512,16.63530651,2.597980463,0.013311929,0.189786409,chang7,2
Le34,1774.1711,1776.33,62.10151312,2.956921379,120.9667579,34.19308964,34.56712903,37.74277777,42.90623156,42.96219285,234.7293472,22.33432897,2.590601007,-0.027579962,0.354833792,chang7,3
Le34,1776.33,1779.6322,59.40174739,2.77041701,98.37912298,39.76430787,38.04928674,39.28022505,42.61464437,43.14730665,229.6961404,18.93154928,2.565530724,-0.00281067,0.241895616,chang7,2
Le34,1779.6322,1783.9922,62.87557422,3.093337754,123.2470593,32.98195468,32.18450843,32.69581678,34.05062697,34.83100923,235.4864803,23.08530352,2.608516461,-0.026692122,0.366235298,chang7,3
Le34,1783.9922,1785.008,62.05296241,3.02663019,98.17834303,38.58154551,38.66240226,40.21878984,43.27458106,43.80459044,225.2817501,17.93980365,2.612183756,-0.012329241,0.240891715,chang7,2
Le34,1785.008,1790.977,62.46518785,3.196238992,136.3249463,26.44627419,26.86463621,27.20034673,27.70968005,28.03873132,243.069567,26.81194737,2.652363651,-0.0382182,0.431624731,chang7,3
Le34,1790.977,1791.9937,62.49932649,2.926379667,239.9707218,28.11082522,30.50979021,31.47658412,31.69503572,31.91315333,291.1753879,39.1604343,2.481350713,-0.13187874,0.949853619,chang7,1
Le34,1791.9937,1793.0509,62.65609826,3.045893192,134.8702325,46.62351142,46.72643153,47.60622406,48.52286784,49.37233777,241.7504205,17.03982321,2.600942188,-0.125611046,0.424351162,chang7,2
Le34,1793.0509,1793.9404,63.64157867,3.081678152,261.0295753,55.12920952,49.07804537,47.05379343,48.89050007,50.28871584,300.5159378,27.08435893,2.527344733,-0.269990336,1.055147886,chang7,1
Le34,1793.9404,1794.9141,63.71123886,2.901070462,144.2023977,53.49321493,48.55161879,46.92594994,50.30098004,51.07621172,247.2568309,23.0449401,2.503155152,-0.083975928,0.471011991,chang7,2
Le34,1794.9141,1795.7609,63.95953417,3.134931743,241.5675468,29.12094712,28.13680243,28.43775868,30.02130342,30.52213669,277.7113533,34.43948007,2.54557085,-0.155369593,0.957837738,chang7,1
Le34,1795.7609,1797.9619,64.96965669,2.649250319,111.5984433,42.3744538,38.01120487,36.57953132,37.80213487,38.54129942,229.2166869,19.36875514,2.55431701,-0.019518316,0.307992216,chang7,2
Le34,1797.9619,1799.2318,63.39680758,3.188426863,129.8208174,36.7792126,31.32999229,29.51253197,29.52072854,29.52869658,231.6018191,23.80675142,2.640194221,-0.015656821,0.399104091,chang7,3
Le34,1799.2318,1803.7192,64.88849712,2.976054636,101.5766022,40.72784558,39.11610119,39.50919497,40.89025497,41.99926005,219.6999256,18.6088054,2.622317327,0.010531097,0.25788301,chang7,2
Le34,1803.7192,1810.238,67.10302374,3.23386132,140.537155,34.93266185,34.33288261,34.33232444,35.46316237,36.23880933,239.1855284,25.25553952,2.611021402,-0.048755136,0.452685774,chang7,3
Le34,1810.238,1811.2122,66.16958025,3.211528831,325.1184184,44.02260102,40.86321852,41.91978857,45.4516538,45.89895227,298.983412,31.60616642,2.423539877,-0.234075187,1.375592099,chang7,1
Le34,1811.2122,1815.276,66.37878485,2.493331201,218.6714958,25.56894465,26.88568087,27.73920312,28.99774209,29.66256058,245.0344651,21.09122001,2.441420233,-0.044683007,0.843357481,chang7,2
Le43,1475.6238,1483.4032,55.18455899,2.727671638,98.24565234,24.06633792,21.39483111,20.61824397,20.45245177,20.25246678,237.0708732,18.27488304,2.511429105,-0.022907434,0.241228262,chang7,2
Le43,1483.4032,1495.0964,61.49860848,3.10534084,145.5690867,24.74499431,22.62293227,21.55838258,21.56481162,21.5245678,251.8332113,23.83393358,2.568376406,-0.118325021,0.477845432,chang7,3
Le43,1495.0964,1497.7438,46.13362538,2.818696477,92.45543046,30.0322107,23.3961277,21.80040229,21.45816898,21.26204595,231.7342925,17.72252997,2.510226564,-0.007426358,0.21227715,chang7,2
Le43,1497.7438,1498.5376,52.77300589,2.883671556,126.5208533,21.6588726,20.99628094,20.64539201,20.5521916,20.44950104,236.8574873,21.29942867,2.553379331,-0.059958621,0.382604271,chang7,3
Le43,1498.5376,1505.5755,56.03842645,2.659828475,93.67176939,22.07121658,22.2348064,21.97197235,21.85058028,21.68310644,234.4717059,16.9110303,2.50994996,-0.02234812,0.218358848,chang7,2
Le43,1505.5755,1508.6432,58.6824935,2.755963014,101.872053,32.03013053,24.18711347,22.68187119,22.23889109,22.20664259,231.3343835,15.98955371,2.542240235,-0.039048614,0.259360266,chang7,2
Le43,1508.6432,1509.7544,59.23730507,3.122764254,177.4819534,33.27894325,25.38921776,24.03119717,23.34693098,23.10543404,259.1887268,26.55707588,2.538028169,-0.150537457,0.63740977,chang7,1
Le43,1509.7544,1512.506,54.85763301,2.68101971,103.5382647,16.45227598,16.04528042,15.31101745,14.67437271,14.27058651,237.5463648,18.37865402,2.501364791,-0.033399563,0.267691324,chang7,2
Le43,1512.506,1513.2989,49.31125477,3.14392175,70.71853965,83.75833293,52.10103471,40.63731575,34.40267931,33.12684999,188.0042746,7.689681326,2.654438053,0.022066355,0.103592698,chang7,4
Le43,1513.2989,1530.8149,58.1437244,2.751582313,98.22184104,20.30644138,18.87551831,18.12335229,17.75815872,17.52187596,233.185379,16.7785616,2.521805241,-0.028776051,0.241109205,chang7,2
Le43,1530.8149,1532.4034,60.82983071,2.9632942,118.1285493,23.4204528,22.91917488,21.97016675,21.85413497,21.28633472,226.6556778,17.18634789,2.585448367,-0.061303654,0.340642744,chang7,3
Le43,1532.4034,1533.9393,60.04280648,2.782865909,88.13463416,21.73326434,20.80007069,20.06706018,19.98510654,19.7381671,237.096763,16.98856324,2.508623472,-0.021561855,0.190673171,chang7,2
Le43,1533.9393,1535.6315,61.68139521,3.058677419,150.8724386,20.62793967,18.84506086,18.12174441,17.96103884,17.96695569,253.1530223,23.59418882,2.54910957,-0.164256459,0.504362194,chang7,1
Le43,1535.6315,1537.4302,60.8291982,3.171004995,113.0156586,37.75895322,29.38208936,27.39673093,27.2869353,27.0466081,233.9752177,17.7945315,2.576069148,-0.050097602,0.315078292,chang7,2
Le43,1537.4302,1539.8635,59.55708485,3.232741463,160.7452881,34.15252771,28.44130211,26.74157,26.42210741,25.79254789,254.7477066,27.40334682,2.600266206,-0.146030909,0.553726441,chang7,3
Le43,1539.8635,1547.6418,54.80717238,2.709766316,96.46400415,17.66001347,15.84846021,15.32210191,15.15761961,14.86156943,238.7133566,17.180913,2.502192675,-0.037071916,0.23232002,chang7,2
Le43,1547.6418,1551.5049,61.16185772,3.247027613,154.9678731,21.96924669,23.02102727,23.15682846,23.01483405,22.95809597,250.4616499,24.87854284,2.586683705,-0.156277902,0.524839368,chang7,1
Le43,1551.5049,1562.5643,58.57942718,3.478616532,326.7550661,187.9092067,198.6893453,104.9355626,115.2814944,114.9743354,323.2509639,41.97941952,2.304139327,-0.185035805,1.383775326,chang7,6
Le43,1562.5643,1563.7296,54.23989868,3.282211447,318.8081009,47.40343628,59.68293152,62.26904678,63.59456711,69.77926674,307.0222702,35.89230022,2.371499634,-0.209483981,1.344040507,chang7,1
Le43,1563.7296,1566.9575,58.50351772,2.864281036,185.5129601,133.0270249,155.791392,146.9872903,157.4348058,171.1404877,262.0369506,22.8054313,2.440278027,-0.209411315,0.677564802,chang7,3
Le43,1566.9575,1568.8096,61.53689218,2.738280043,118.6263671,252.4688439,217.4532819,175.8021231,192.7256002,213.1179128,238.7282286,18.64574599,2.464060843,-0.021549603,0.343131839,chang7,2
Le43,1568.8096,1571.9315,54.66795202,3.232440059,252.6379541,251.5566405,143.974016,151.2602687,204.9445661,180.8877939,283.2537284,28.45191193,2.372443768,-0.226429491,1.013189765,chang7,1
Le43,1571.9315,1573.466,56.56375416,2.940900509,118.0857873,300.315774,287.2106837,242.7161318,239.8801853,235.047972,215.4261146,14.45860555,2.518465592,-0.062645666,0.34042894,chang7,2
Le43,1573.466,1576.3752,59.83075094,2.693195681,181.7818623,34.53295286,29.54478896,25.82826475,25.93807407,25.44600892,288.2312082,29.04001633,2.387554159,-0.235299858,0.658909312,chang7,5
Le44,1304.1533,1305.1159,63.5540568,3.728537771,243.0110236,20.52742004,24.37222438,23.02770975,22.50024329,23.03514798,294.7973768,34.5225563,2.46638449,-0.191774136,0.965055095,chang7,1
Le44,1305.1159,1305.8718,63.90179879,3.553705726,162.8274296,21.75361688,24.83209392,23.60347448,22.68654278,22.0250443,261.8693542,28.46814292,2.60036431,-0.132398577,0.564137144,chang7,3
Le44,1305.8718,1306.6509,62.79439872,3.574592863,234.0237732,16.17922115,17.77954592,16.96897411,17.48181111,17.1927542,289.1637704,32.2300009,2.497070006,-0.202123103,0.920118868,chang7,1
Le44,1306.6509,1309.9952,63.49624852,2.920754629,105.7210451,33.39667477,37.1006215,32.4132341,31.46351045,31.03202302,232.1654015,17.72178568,2.54631716,-0.034480107,0.278605226,chang7,2
Le44,1310.0375,1312.8738,68.34997686,3.19618082,123.9813255,29.97200672,31.69773102,27.90038729,26.49964539,26.05618993,225.2930559,19.54620842,2.619975458,-0.04390405,0.369906625,chang7,3
Le44,1312.8738,1318.5464,61.1694462,2.856947396,100.0989831,43.63768752,44.22556297,38.0693774,36.12919604,35.57034144,224.7651954,16.92869587,2.55024938,-0.014992841,0.250494915,chang7,2
Le44,1318.5464,1322.0709,62.16893374,3.145741364,129.5350844,41.3289691,37.19196306,32.04921084,30.62603812,30.62504518,227.8886093,20.16582765,2.598481088,-0.059822524,0.397675424,chang7,3
Le44,1322.0709,1323.8171,58.28339844,2.970859353,96.82803396,28.59732005,28.74299227,25.5910759,24.89131012,24.43667539,216.7888163,14.90933323,2.570214685,-0.019027142,0.234140169,chang7,2
Le44,1323.8171,1327.4084,66.84437459,3.188368336,139.6509005,22.34720564,23.07629032,20.26642663,19.37293412,18.73105806,227.9917033,19.56730016,2.622410027,-0.08811785,0.448254498,chang7,3
Le44,1327.4084,1328.361,67.02147759,3.122050047,110.7221764,25.8297045,27.21110789,23.84080675,22.90091642,21.54965909,209.0341288,14.0014445,2.630515602,-0.035121369,0.303610881,chang7,2
Le44,1328.361,1330.0542,67.52717896,3.072843981,149.5284531,18.97974542,18.78079847,16.80961056,15.98751132,15.45044327,226.834727,20.33760014,2.644972022,-0.105148939,0.497642261,chang7,3
Le44,1330.0542,1331.6417,66.86373683,3.04652788,119.802633,25.38473497,22.6518759,21.06054715,19.02953884,19.25054346,212.3927612,15.29221398,2.616929344,-0.049200503,0.349013165,chang7,3
Le44,1331.6417,1332.6471,65.61136882,2.564647781,171.7096303,14.46822082,12.83063677,13.56379689,14.38846885,12.73254893,247.6905297,24.27111138,2.173117836,-0.144190454,0.608548154,chang7,5
Le44,1332.6471,1343.7069,57.22945035,2.891616411,103.2407518,39.85712473,32.29002627,28.11671713,26.75607488,26.84225037,224.6130671,16.05332572,2.551979689,-0.029832471,0.266203759,chang7,2
Le44,1343.7594,1351.0618,66.67725902,2.944163395,137.1952628,24.31903665,25.15979638,22.36549162,21.62236241,21.39578037,227.2233,18.99522031,2.573187501,-0.087709493,0.435976313,chang7,3
Le44,1351.0618,1354.1309,66.33024245,3.227123462,116.7267177,34.63442942,35.93809891,31.32856941,29.85666084,29.37673701,217.7250525,16.54280784,2.608183503,-0.044767247,0.333633589,chang7,3
Le44,1354.1309,1363.4436,66.26429789,3.198371313,132.2027559,28.11821571,26.71931041,23.65743625,22.72886552,22.25954041,228.2259538,19.70794737,2.609449503,-0.069657203,0.411013779,chang7,3
Le44,1363.4436,1366.3014,67.7451032,2.717095435,171.1748447,21.29320272,23.65689778,21.40870476,20.71225007,20.56809592,243.5539112,22.72766678,2.50064377,-0.00139639,0.605874222,chang7,2
Le44,1366.3014,1366.8835,66.77327983,3.497995019,211.3910217,23.3423268,22.68595155,20.24652322,19.28578949,18.89676348,268.672643,30.50483513,2.542973359,-0.138507393,0.806955099,chang7,1
Le44,1366.8835,1367.9948,68.21103821,2.959633994,186.1894592,26.39284534,24.75017605,22.76554089,22.58186226,22.63079128,250.5558289,24.00000038,2.54418304,0.001402079,0.680947292,chang7,2
Le44,1367.9948,1369.106,68.81582031,3.466924,169.3716721,51.30944252,46.26145515,38.54214287,38.02694893,36.34665508,240.246405,24.30719986,2.575990033,-0.135778815,0.596858352,chang7,1
Le44,1369.106,1370.5868,68.89947979,2.89360459,173.4278776,41.84188813,36.55192962,31.65998151,31.28417646,30.3075293,242.807413,21.86499992,2.536649264,-0.009437007,0.617139388,chang7,2
Le44,1370.5868,1373.7096,69.44477609,3.262874631,154.536021,31.52897362,27.00098383,23.63749904,23.04169083,22.44338593,235.3450464,22.17319239,2.595923873,-0.099864586,0.522680103,chang7,1
Le44,1373.7096,1376.1967,68.03103783,2.555876641,224.891372,31.52438809,35.8336238,31.8102387,32.66914713,32.63616607,244.0338389,23.09204765,2.478850024,-0.04131843,0.874456863,chang7,2
Le44,1376.1967,1378.7896,65.73654591,3.416250012,145.7076555,41.68867007,38.33042179,33.46567431,32.21816202,31.70753583,243.8978008,25.92513631,2.620547295,-0.080208168,0.478538276,chang7,3
Le44,1378.7896,1383.4457,60.24584559,3.547167615,192.2837292,102.3219753,68.07177965,52.84808199,50.66045726,49.19624324,275.5998045,34.0995001,2.512667656,-0.129195028,0.711418648,chang7,1
Le44,1383.4457,1387.8893,52.98481709,3.462733353,153.7901304,92.87495495,58.79127255,52.05292449,50.06666544,49.12833085,241.0787205,27.66167579,2.599876256,-0.059198872,0.518950652,chang7,3
Le44,1387.8893,1400.3791,33.54927108,3.850916371,408.2182267,551.7034756,113.202113,81.70027655,85.40443726,83.19651496,313.3873649,41.99052459,2.271855373,-0.162967862,1.791091134,chang7,6
Le44,1400.3791,1401.5949,50.82813332,2.900118199,193.1467022,100.7634069,109.6651917,87.96999255,99.37246115,83.64252056,257.0868516,28.76345461,2.427101395,-0.029036286,0.715733506,chang7,2
Le44,1401.5949,1402.4957,53.07180405,3.213160634,337.5865631,104.5045009,84.52128458,95.37174559,101.3661628,103.346859,298.2389107,33.20737433,2.348263144,-0.20134638,1.437932819,chang7,1
Le44,1402.4957,1404.8239,56.67355042,3.187686491,212.4066154,554.6903673,133.4693745,124.599066,139.9345991,135.9732841,274.3882729,28.45454998,2.398855531,-0.086837437,0.81203308,chang7,3
Le44,1404.8239,1406.7289,62.9356823,2.388318151,176.4202642,48.22499537,31.6105597,27.24777877,26.95114481,27.06105673,274.964448,27.03631258,2.403881878,-0.03221994,0.632101323,chang7,2
Le44,1406.7289,1407.8943,66.4996582,3.317846012,159.7012184,32.08596153,23.05443916,20.04497738,18.81827908,18.52296991,284.0825836,29.58030014,2.51297605,-0.198503788,0.548506087,chang7,1
Le49,1271.3456,1277.4838,76.9881012,2.885597391,96.93617859,31.4327021,33.04509682,31.26844051,29.94007488,30.06264736,233.9198129,19.05410015,2.5727846,-0.008727796,0.234680893,chang7,2
Le49,1277.4838,1281.8864,81.5577418,3.379832519,140.9055782,23.58930328,24.45589399,22.73474259,21.61782519,21.25654936,241.6552404,26.42369429,2.651469714,-0.094421216,0.454527894,chang7,3
Le49,1281.8864,1283.367,82.6159175,3.057438465,106.7995993,21.2870209,20.94102757,19.60601234,18.94885078,18.70129835,236.1406273,18.28015386,2.596500782,-0.041060239,0.283997999,chang7,2
Le49,1283.367,1288.2786,87.13867111,3.130105013,114.7735008,24.28304,23.60251842,21.88301549,20.94111023,20.647789,230.7194672,19.89147496,2.641507989,-0.050994429,0.323867505,chang7,3
Le49,1288.2786,1289.6333,84.22130839,2.959464173,93.87220955,32.1835947,31.8671476,29.17595943,27.72084665,27.09611257,225.9247602,18.3814168,2.603769183,0.00718638,0.219361048,chang7,2
Le49,1289.6333,1291.3688,83.04798787,3.09389933,116.041861,29.15915375,28.8527181,26.81768392,25.25884234,25.01012967,230.1497325,19.66953367,2.624671332,-0.054269198,0.330209309,chang7,3
Le49,1291.3688,1294.9248,77.00269397,2.828071726,100.8211865,29.94793964,30.99023641,29.15135107,27.46651617,26.96889831,232.5515279,18.78231035,2.566810008,-0.016677859,0.254105933,chang7,2
Le49,1294.9248,1295.8128,78.6701088,3.069138765,147.9515743,23.86843109,26.18781519,25.60437226,25.16532755,23.67921638,253.9489784,25.36700034,2.547952503,-0.134295984,0.489757869,chang7,1
Le49,1295.8128,1297.5065,82.07654622,2.789234686,109.2198654,31.5592378,33.2946022,31.02981771,28.61336072,28.10011355,244.7367869,20.74226697,2.525023317,-0.04731352,0.296099327,chang7,2
Le49,1297.5065,1299.2422,87.75951538,3.222698021,140.1691869,27.36736946,26.8043527,25.02482287,23.3956487,23.12775002,254.0865,23.36386681,2.566641331,-0.151911363,0.450845937,chang7,3
Le49,1299.2422,1309.8677,86.57052435,3.073044777,108.2584207,37.42169695,36.03291232,33.19415314,31.15849526,30.52497307,224.446244,18.418814,2.626727783,-0.050420333,0.291292102,chang7,3
Le49,1309.8682,1314.8211,78.20401969,2.833523657,92.49495604,47.90206779,46.7571105,43.27850881,40.53953915,40.16138584,227.2418384,17.16417073,2.555728546,-0.011796271,0.212474779,chang7,2
Le49,1314.8211,1318.3347,84.93332435,3.124710009,120.1661106,33.62981119,33.96509953,31.83124483,30.5274426,29.97082894,227.3325258,19.44544832,2.615724161,-0.061658901,0.350830555,chang7,3
Le49,1318.3771,1319.139,85.46388463,3.294585739,158.4551686,44.09721647,44.38968549,39.79563141,37.50838171,35.18347686,238.6606009,21.94085666,2.614948579,-0.167143445,0.54227585,chang7,1
Le49,1319.139,1321.2133,87.00958591,3.344857229,124.4722964,39.82438109,39.2486035,35.51664681,33.22839059,31.92045826,228.0362939,19.9424999,2.626621127,-0.075500442,0.372361485,chang7,3
Le49,1321.2133,1323.5839,86.59868469,3.399747503,186.403159,21.11627855,21.35348706,20.38725934,19.78802705,19.63951259,254.1330261,25.82594995,2.587551975,-0.175716516,0.682015792,chang7,1
Le49,1323.5839,1336.0297,83.61349941,2.964901686,103.8190207,45.50455666,44.67525618,41.33610263,39.59594632,39.56530901,225.1060238,16.78381203,2.589597025,-0.028762753,0.269095103,chang7,2
Le49,1336.0297,1341.6599,89.11630116,3.006965876,134.9831108,20.22154464,19.76081919,18.03778794,17.25682769,16.79857625,228.8718623,19.12280429,2.637955427,-0.113536259,0.424915553,chang7,3
Le49,1341.6599,1342.8452,86.48504028,3.064803028,117.0644302,40.96611748,44.57170181,48.46182594,48.75265465,46.4967041,221.7511902,17.89850006,2.599252033,-0.033264444,0.335322154,chang7,2
Le49,1342.8452,1343.8298,85.652398,3.141251114,141.0479109,16.31676647,22.39153984,29.82648542,40.15690401,37.13619836,228.6174435,18.7562222,2.595075581,-0.112362226,0.455239551,chang7,3
Le49,1343.8298,1345.2268,89.14256541,2.986585836,172.0220324,11.49572825,14.45991083,13.82653662,15.14379187,16.62639403,235.7010104,19.12825012,2.60422498,-0.208543258,0.610110159,chang7,1
Le49,1345.2939,1347.6752,91.93171539,3.196424496,147.4966194,28.1538763,28.38697205,26.2371563,25.85903711,25.22987585,232.2662704,20.62500019,2.597477007,-0.126068203,0.487483099,chang7,3
Le49,1347.6752,1349.0509,92.27757517,2.962854981,203.8298581,22.32395585,22.45038573,21.19306389,20.17356237,19.63764763,255.1248652,25.38725011,2.515082538,-0.191734767,0.769149284,chang7,1
Le49,1349.0509,1350.2693,92.36734841,2.918731841,106.9990949,38.97377448,40.18317795,37.31032926,35.2655598,34.4490913,233.0091275,17.59190915,2.547737295,-0.050141482,0.284995473,chang7,2
Le49,1350.2693,1353.1504,92.45817693,3.129995833,120.4495052,29.76467125,29.86162861,28.20149008,26.94852948,27.08890716,225.8161449,18.27787495,2.638486236,-0.051993207,0.352247525,chang7,3
Le49,1353.1504,1358.6537,83.55802884,2.954401774,105.7378905,37.01004312,37.18399751,34.49375937,32.93246748,33.05241445,227.8026506,17.32811112,2.592966424,-0.029522291,0.278689452,chang7,2
Le49,1358.6537,1362.2335,86.45851034,3.235124985,127.5759829,31.7787803,31.00206051,28.31910324,26.87246691,26.30425669,225.6702861,19.80606677,2.648329655,-0.054143605,0.387879914,chang7,3
Le49,1362.2335,1364.1385,86.82014847,3.322295025,119.6009436,31.80789936,32.64579058,30.13693798,29.12619555,28.29019105,225.1180382,19.97318733,2.655161262,-0.02469196,0.348004716,chang7,2
Le49,1364.1385,1365.2814,85.78718262,3.393605971,176.0740585,16.33082228,17.18860617,16.84550772,16.3193409,16.58504696,244.0754608,23.39050026,2.640961075,-0.142590994,0.630370289,chang7,3
Le49,1365.2814,1368.3717,88.6090886,2.863795785,203.4864813,34.09556906,33.60575573,30.55630156,28.83781239,28.01991609,240.7961138,22.24396148,2.519906154,0.022465088,0.767432408,chang7,2
Le49,1368.3717,1371.97,90.2161143,3.247684328,189.2829445,29.02505023,30.99302934,30.65977345,29.43364201,28.82558378,248.4855001,25.29680004,2.585880017,-0.104273466,0.696414724,chang7,3
Le49,1371.97,1373.6576,91.2233195,2.767478005,185.420133,40.32239342,47.81790237,44.5963192,41.95637538,41.28592771,243.4613668,22.91506666,2.498497995,0.015903155,0.677100668,chang7,2
Le49,1373.6576,1375.6145,93.13981,3.265392963,163.4281378,23.74737117,23.85803733,22.64655007,21.33724863,21.29813637,239.0208866,24.06858814,2.628754125,-0.040961403,0.567140693,chang7,3
Le49,1375.6145,1378.5779,88.06652466,2.661306,226.3621313,39.55652237,41.52523926,39.95964844,37.85227058,37.23520004,246.1968756,23.31215996,2.495402794,0.002373543,0.881810656,chang7,1
Le49,1378.5779,1381.8344,69.52773822,3.591558156,212.8692977,48.66927641,52.91923784,50.49927457,48.8826768,47.27191247,263.7665513,31.91085208,2.551023731,-0.092650248,0.814346493,chang7,3
Le49,1381.8344,1392.8651,50.7076392,3.92156909,496.3078207,71.51925668,74.1019615,73.05215242,74.55368096,72.8822777,338.1927504,45.53120223,2.189350897,-0.183765651,2.231539105,chang7,6
Le49,1392.8651,1395.1913,93.49075623,2.919787014,188.5201897,27.30285301,30.49711084,29.97695861,30.68507705,30.1194643,278.2579376,27.73924961,2.426318479,-0.215076012,0.692600954,chang7,1
Le55,1535.0758,1538.7601,56.2168911,2.994800886,105.2623706,23.84006999,22.05045754,21.28314861,22.13254827,22.67671998,233.9675227,19.48701436,2.628837061,-0.109096703,0.276311856,chang7,3
Le55,1538.7601,1540.5803,53.25581241,2.849318638,91.11346245,61.72960699,39.82242823,36.80008507,39.34737217,40.4966265,232.5245924,17.5927617,2.539825305,-0.02183418,0.205567311,chang7,2
Le55,1540.6649,1541.2576,51.9130427,2.840895812,100.3207728,32.81938203,29.71652635,28.62374369,29.561354,30.09940275,234.087733,19.9351476,2.574646314,-0.077529562,0.251603862,chang7,3
Le55,1541.2576,1548.0309,52.43108944,2.679318051,82.42813894,45.38176852,37.61583009,35.45527424,37.631927,38.86301079,235.6268857,17.8859937,2.512620644,-0.002564965,0.162140694,chang7,2
Le55,1548.0309,1549.1314,60.29617157,3.035410357,144.4610443,35.68393059,31.45611229,29.13922462,31.40709019,32.70937252,263.8943771,24.32181072,2.562399197,-0.19214356,0.472305219,chang7,1
Le55,1549.1314,1551.1635,61.68367722,2.902626388,111.720056,28.20550088,25.92228216,24.99598458,26.30974108,27.27196918,245.8218285,21.36699677,2.609509482,-0.139500623,0.308600282,chang7,3
Le55,1551.1635,1552.0934,61.1922884,2.81476137,91.54519176,90.80610991,51.15138197,47.21655536,50.73530173,52.76603556,241.3363876,18.52444935,2.558864713,-0.025125014,0.207725956,chang7,2
Le55,1552.0934,1552.9841,61.62815762,3.11509183,115.5293484,46.082443,28.20910263,27.78980184,29.31081629,30.56108618,251.8455219,22.63671613,2.581942439,-0.041855679,0.327646736,chang7,3
Le55,1552.9841,1553.9154,61.667521,2.884688556,95.035676,85.56372261,53.34011912,50.89255619,54.21815348,56.49939775,235.0416241,17.08341563,2.572137624,-0.024435244,0.225178376,chang7,2
Le55,1553.9154,1556.5837,62.84218528,3.098605438,122.0262312,30.05160132,25.10265853,23.84091308,25.03317816,25.72859539,247.0469444,23.32747451,2.591624574,-0.156595406,0.360131155,chang7,3
Le55,1556.5837,1558.1077,62.18902206,3.441002901,286.8979034,22.87759656,19.8607915,19.31447279,20.5407293,21.29627844,317.2637024,33.60119512,2.397850697,-0.255671015,1.184489512,chang7,1
Le55,1558.1483,1559.5876,60.52411798,2.87639506,122.0812225,39.57555492,29.06336594,28.84878349,30.27291313,31.92657852,240.0129735,18.11703609,2.560458715,-0.135980873,0.360406112,chang7,3
Le55,1559.5876,1566.4448,53.62957757,2.759556643,91.18042483,33.40750166,29.27912467,27.97274307,29.58126783,30.58293448,235.9378232,16.98835777,2.525952429,-0.023088128,0.205902124,chang7,2
Le55,1566.4448,1569.535,60.18436505,2.877639523,105.4938255,26.08458952,24.57226893,22.92114742,23.53065381,23.89236017,224.7061726,17.00839446,2.612796288,-0.070761073,0.277469129,chang7,3
Le55,1569.535,1570.6367,61.08243637,3.194392443,78.60530167,52.7804409,46.68850174,38.35701599,38.01538239,34.92143383,195.8744614,13.20718899,2.67434423,0.022643176,0.143026509,chang7,2
Le55,1570.6367,1573.2193,62.27601502,2.891602798,104.4231248,25.92325245,22.77344318,21.23622526,21.57719994,21.42949755,219.5213769,16.46389523,2.606827292,-0.06114769,0.272115624,chang7,3
Le55,1573.2193,1575.505,61.82626845,2.758636926,191.8783144,16.65059024,14.42436434,14.35059542,14.94954747,15.25814292,274.019006,24.750103,2.465369162,-0.237428386,0.70939157,chang7,1
Le55,1575.547,1582.9128,55.92754606,2.94912686,96.42855403,44.2684214,35.1509093,33.41944081,35.24460945,36.28530753,230.5365039,16.1328163,2.571319846,-0.029815928,0.232142772,chang7,2
Le55,1582.9128,1583.6325,53.24879456,2.840711389,101.2851541,26.96645301,24.7640983,23.49596814,24.79395349,25.5268522,234.9198063,18.4020274,2.573031698,-0.057405065,0.256425766,chang7,3
Le55,1583.6325,1585.7914,51.81672499,2.688210262,84.23150847,61.21133222,47.01952521,43.02213531,45.97303147,47.26249769,236.393614,15.82572073,2.515829974,-0.029057335,0.171157541,chang7,2
Le55,1585.7914,1591.21,59.77056547,2.95992071,102.0947177,35.804417,30.30051236,28.47224231,29.92138399,30.70669369,232.4251591,15.42109065,2.604954655,-0.092097639,0.260473588,chang7,3
Le55,1591.2526,1594.0466,55.30192549,2.643693779,91.84963823,37.9583338,32.96936342,30.57874663,32.37629086,33.15841343,236.174124,15.52752495,2.52873655,-0.039735648,0.209248194,chang7,2
Le55,1594.0886,1595.1469,57.887505,2.776953618,104.0886451,28.8864816,26.06164275,24.30424775,25.73254797,26.37784428,231.9372355,16.77193801,2.583654033,-0.081156663,0.270443226,chang7,3
Le55,1595.1469,1596.0782,58.79184961,2.571622819,84.6799078,48.46753979,37.96985078,34.6204257,37.15600753,38.15591455,231.7708263,15.67535973,2.535164118,-0.015777943,0.173399542,chang7,4
Le55,1596.0782,1598.7028,60.58348014,2.849707777,109.1789544,28.36392758,25.83749832,24.51310158,25.41973868,25.77877587,232.0149023,16.89421376,2.612660018,-0.092284848,0.295894772,chang7,3
Le55,1598.7028,1601.0312,57.18238716,2.887503421,99.22660561,53.61442041,40.98803463,38.70486908,40.95651398,42.15792093,230.0403511,14.73516035,2.587228858,-0.054594724,0.246133028,chang7,2
Le55,1601.0312,1604.3755,61.41941997,2.940463935,111.7892369,39.28648295,32.67047262,30.70519693,32.35050883,33.14215606,232.9892562,18.62443468,2.602904115,-0.088595455,0.308946185,chang7,3
Le55,1604.3755,1608.1851,62.79881631,2.903259331,168.9774394,38.28647115,31.09196417,30.7107056,32.31946268,33.79189854,262.1338467,22.779052,2.509409282,-0.228608055,0.594887194,chang7,1
Le55,1608.1851,1609.7945,62.99536024,2.900517634,108.0866519,76.39221546,59.63833632,52.96289962,57.14311804,59.10493224,229.916699,17.17577314,2.555775659,-0.01713816,0.290433257,chang7,2
Le55,1609.7945,1610.6421,62.68596506,2.796181768,130.5430946,61.65557671,52.44111109,47.39751005,49.01668262,48.93571806,234.1387501,17.9561727,2.598634273,-0.097690479,0.402715471,chang7,3
Le55,1610.6421,1611.3187,62.30719058,2.955368559,170.681811,30.76940568,28.42832216,26.1878376,27.39897537,28.06131522,255.2077891,21.60467561,2.539851507,-0.228448311,0.603409062,chang7,1
Le55,1611.3187,1616.0176,59.37793878,2.812185269,150.8600223,63.98531219,46.78240018,47.48187681,45.99148848,46.99330247,255.4658602,21.88033906,2.488728364,-0.059882818,0.504300112,chang7,2
Le55,1616.0176,1619.2336,47.04929973,3.50921532,391.0412795,96.59898885,88.54811746,77.46076061,85.13357473,89.79338907,316.2605534,37.14670838,2.315369791,-0.206183721,1.705206403,chang7,6
Le55,1619.2341,1620.1654,41.17881632,3.096731007,297.4162617,169.2111645,124.061831,111.4297061,118.0072773,130.4003663,294.3327332,31.26530719,2.27983579,-0.060992569,1.237081304,chang7,4
Le55,1620.1654,1628.0826,44.74566883,3.330078594,328.0970953,193.3621891,130.5736263,113.1335368,124.678308,149.6971092,295.2871535,33.70613962,2.309042968,-0.199857028,1.390485481,chang7,6
Le55,1628.0826,1629.9022,56.35139108,3.003469244,208.9168286,199.9187284,115.3672504,120.5397611,125.3142138,147.8981028,260.8067179,23.22733271,2.413437143,-0.041990375,0.794584135,chang7,2
Le55,1629.9022,1631.7645,61.95075226,3.129114822,244.4085503,147.5444247,74.27992296,83.22392857,93.82379675,107.2718749,271.3149137,26.37293673,2.433821201,-0.197243114,0.972042758,chang7,1
Le55,1631.7645,1634.3884,61.30496198,2.444863471,178.0924606,83.00130671,73.18923508,63.61324856,67.30441423,67.86855628,267.7165375,22.70798839,2.314874541,-0.033553873,0.640462304,chang7,2
Le55,1634.3884,1635.1957,61.39479828,3.072439602,159.1128932,23.77752972,21.79463318,20.42012392,21.13757202,21.47401346,284.6009521,25.02622114,2.446321317,-0.267187231,0.545564464,chang7,5
Le60,1279.6802,1280.3665,66.87309011,2.881334106,131.303702,38.24445343,36.31231117,36.76388804,34.82996432,39.49431419,243.5029119,15.01820532,2.59664011,-0.161060654,0.406518514,chang7,3
Le60,1280.3665,1282.1655,67.27690582,3.250363111,192.4097483,23.51412226,27.48301303,29.4468605,27.38778089,30.62546743,269.6176585,22.1366305,2.569096359,-0.244919841,0.712048749,chang7,1
Le60,1282.1655,1285.6063,66.52133652,2.873952808,114.3420415,33.15722025,32.40910339,33.77756079,30.41132592,32.92617166,218.576938,12.00437681,2.612306858,-0.075084485,0.321710208,chang7,2
Le60,1285.6063,1286.6105,65.42512936,3.12143853,152.5545392,25.72653898,29.4614616,31.26696968,28.1704803,30.54534001,245.6893514,18.83087031,2.62304865,-0.196303956,0.512772689,chang7,1
Le60,1286.6105,1287.51,64.17540693,2.858104378,114.1812353,42.3474493,40.26388264,40.67191887,37.74805689,41.83696127,237.7234859,14.04791772,2.547207415,-0.101912058,0.320906177,chang7,4
Le60,1287.51,1288.0392,63.49406586,2.734677267,137.3307571,37.83325577,36.67044983,37.68567963,34.33183136,37.55597305,240.2439758,16.36303959,2.557904577,-0.164596301,0.436653787,chang7,1
Le60,1288.0392,1289.7325,61.18152618,2.656719859,92.22498423,43.28589427,40.17523499,41.25821915,37.75619685,41.36683502,216.8852702,9.75004708,2.584062195,-0.052134482,0.211124922,chang7,2
Le60,1289.7325,1290.2087,61.90545197,2.638392591,128.859877,37.83563309,35.32461014,36.47442551,33.01878548,35.87982864,221.1619659,12.2846199,2.606760979,-0.129157826,0.394299388,chang7,3
Le60,1290.2087,1291.4258,62.57964984,2.62943413,103.3347785,39.16539764,36.81034123,37.55542166,34.43698363,37.72692507,220.8066628,11.43570102,2.586732669,-0.06178849,0.266673891,chang7,2
Le60,1291.4258,1292.3258,64.19675779,2.924906284,128.7149515,31.36614442,31.61701679,32.60962272,29.67650175,32.33631468,225.6250114,14.33398616,2.619365901,-0.121653982,0.393574759,chang7,3
Le60,1292.3258,1292.6958,65.16007042,2.87905103,111.3756142,39.86957645,37.70204067,37.83142376,35.32095814,39.24138165,225.9188004,12.25112152,2.572109759,-0.081437504,0.306878075,chang7,4
Le60,1292.6958,1293.3837,65.62433515,2.917115109,135.0668008,36.02165304,34.18322836,34.75004305,32.03843662,35.33757564,231.1173902,14.47793933,2.602475269,-0.15869299,0.425334007,chang7,1
Le60,1293.3837,1294.072,65.77847617,2.721398933,110.9080745,42.93764114,38.32920074,38.47333472,36.04633985,40.25931876,225.191633,11.47533825,2.588792494,-0.086822723,0.304540368,chang7,4
Le60,1294.072,1295.0779,64.92000834,2.925802734,128.2395359,35.18943956,34.40193727,35.28717126,32.23822806,35.31943936,222.7258809,13.4565559,2.646297693,-0.116965476,0.391197678,chang7,3
Le60,1295.0779,1301.533,63.00581468,2.739172742,101.0853998,41.94854722,39.76951772,40.61348501,38.22865115,42.71094167,225.9379673,11.03483526,2.551087892,-0.073924719,0.255427002,chang7,2
Le60,1301.533,1306.4539,57.63661995,2.5079678,95.92640896,52.74947701,46.94470825,46.7864172,44.11817722,49.14752417,229.6501442,11.40857861,2.515656364,-0.069518729,0.229632046,chang7,4
Le60,1306.4539,1307.5126,63.63819758,2.865851508,157.0207715,42.09844674,40.71502516,41.46242778,38.21080017,41.78135596,242.7537231,17.29038768,2.582236687,-0.217636895,0.535103858,chang7,1
Le60,1307.5126,1311.9579,64.57041828,2.927799727,124.5523741,36.16746743,34.08247375,35.15298369,31.87880269,34.51013936,218.6982595,11.52135607,2.624247396,-0.097909175,0.372761869,chang7,2
Le60,1312.1158,1313.5982,67.19089743,2.808413084,150.7839801,23.56891441,20.78747867,22.62238825,19.78478931,20.79171283,226.9821202,13.71941251,2.627349542,-0.210316939,0.503919897,chang7,1
Le60,1313.5982,1314.8153,67.79460283,2.666720607,119.604513,32.7610132,27.43439969,29.36932113,26.36436012,28.20824779,215.1096871,9.697699547,2.613287796,-0.097235329,0.348022567,chang7,2
Le60,1314.8153,1315.8208,66.73930105,2.812177446,133.2395257,30.91600651,24.1813772,25.71786796,23.06410959,24.74557283,221.9551019,11.74296676,2.626681434,-0.160961381,0.416197628,chang7,3
Le60,1315.8208,1317.3016,63.93546236,2.643559951,153.1496629,21.75738797,21.23610966,22.42755472,22.80518825,24.96085798,238.3811634,15.84044603,2.547796414,-0.206527656,0.515748315,chang7,5
Le60,1317.3016,1325.3447,61.94629024,2.816781741,106.7290661,37.66961802,36.61662184,34.88211567,35.30962117,39.20328005,221.2103518,10.80745812,2.596114694,-0.050813653,0.283645332,chang7,2
Le60,1325.3447,1325.8739,66.19977875,3.157847357,151.6248993,27.46545486,27.39118919,26.61850128,25.78994751,27.63623962,231.6728455,15.91577988,2.66017499,-0.214878598,0.508124495,chang7,1
Le60,1325.8739,1328.1493,66.93539268,3.052301231,131.7901415,35.97050305,33.43614317,31.73617072,31.31276221,34.0973067,220.6192378,12.67362429,2.644690978,-0.068590063,0.408950704,chang7,2
Le60,1328.1493,1328.8888,67.31370544,3.031377997,174.5189841,25.93256269,28.08242553,27.57392447,26.94124985,29.3257073,237.7372219,17.4609642,2.594429697,-0.183622951,0.622594919,chang7,1
Le60,1328.8888,1330.6867,67.07537079,2.94765563,139.341153,40.33109868,37.80747452,35.45511602,35.76657524,39.96945305,227.5395986,12.3545866,2.605891244,-0.099629536,0.446705765,chang7,2
Le60,1330.6867,1335.6607,67.2697017,2.838185217,159.7824871,25.67294111,25.78315195,25.31444903,24.32999853,26.01296634,223.9769001,13.51542259,2.620738925,-0.165547346,0.548912436,chang7,3
Le60,1335.6607,1340.1573,67.79352941,2.855577933,205.1209634,31.31710614,29.33750405,27.83825508,27.64610667,30.39407601,238.7599566,16.2291984,2.556853977,-0.239638371,0.775604818,chang7,1
Le60,1340.1573,1346.4002,64.40018089,2.748547979,109.8894015,37.26163468,34.61343526,32.85210718,32.74353054,36.01334519,231.0779063,12.23390572,2.565678891,-0.067612085,0.299447006,chang7,2
Le60,1346.4002,1353.5975,67.15857257,3.001774941,138.308364,33.4006133,29.2399538,28.29515774,27.54377966,29.73465173,232.2372563,14.41973644,2.629282313,-0.109954933,0.44154182,chang7,3
Le60,1353.6545,1354.5542,66.51835632,3.382844985,172.563036,22.86559892,20.78742564,21.33820319,20.54357648,21.85369861,252.4205189,19.74713683,2.6487827,-0.21353898,0.612815186,chang7,1
Le60,1354.5542,1358.4695,65.51834965,3.126317635,149.0605841,32.16835546,27.93180814,28.18193942,27.33845326,29.45682019,233.1771398,15.76564226,2.644467212,-0.128915241,0.495302921,chang7,3
Le60,1358.4695,1359.7399,62.53230771,2.722521565,234.7977642,33.18563617,29.18657728,30.14886769,30.59417404,34.05920783,249.3625946,17.17941882,2.515602047,-0.265568083,0.923988825,chang7,1
Le60,1359.7399,1361.4332,61.37334061,2.511110942,223.8255778,46.32967631,39.46422005,40.08561872,39.89636536,44.73905576,261.8784688,19.39971466,2.456121127,-0.083348032,0.869127893,chang7,2
Le60,1361.4332,1362.7023,60.30374839,3.025195772,271.9764612,53.28266803,40.53931358,38.63151724,39.07209396,44.66346637,259.6043008,20.42551041,2.508275314,-0.256383767,1.109882306,chang7,1
Le60,1362.7023,1363.9731,59.29237886,2.551209667,320.6764721,48.85754672,35.31267634,32.18633877,33.42280596,38.91007666,274.1147267,23.84523565,2.376484199,-0.074507629,1.35338236,chang7,2
Le60,1363.9731,1372.3329,57.82263038,3.948207336,579.3866299,57.76657954,46.5120136,48.30692072,56.16897154,73.24702832,361.5349889,40.90428198,2.198766417,-0.283256703,2.646933156,chang7,6
Le60,1372.3329,1376.3554,56.62279048,3.180140264,331.1443898,48.687122,46.42181327,59.08834631,59.31359563,73.95213538,292.8223692,25.41778085,2.38208015,-0.28195667,1.405721955,chang7,1
Le60,1376.3554,1380.5911,58.51908264,2.890600232,226.0000575,91.41459634,64.21956842,63.7124115,68.98292035,91.30061144,276.5973668,21.06572922,2.433878885,-0.069822119,0.880000282,chang7,2
Le60,1380.5911,1381.8595,61.08647052,2.766192458,191.6940932,20.01685351,20.19990938,22.17290089,20.36964122,22.06989618,293.1162636,22.93244986,2.488619263,-0.286814921,0.708470464,chang7,5
Le97,1581.1242,1582.3958,68.52455357,3.281541909,167.6761093,34.10712964,36.9846389,37.70253822,38.67877974,40.58403233,275.4780709,34.01498658,2.488584433,-0.156565757,0.58838055,chang7,1
Le97,1582.463,1586.0601,70.88667297,3.144096761,135.6453934,26.17375508,25.36683433,25.13263001,25.86281132,26.83845304,247.46726,26.67155812,2.603974497,-0.109146877,0.428226968,chang7,3
Le97,1586.0601,1586.7466,68.31485271,2.917646736,156.5134907,54.0330615,40.97444487,38.64801598,39.05852747,39.46856213,251.3099899,24.76718473,2.566894382,-0.178916197,0.532567445,chang7,1
Le97,1586.7466,1587.9121,67.95607053,2.611985665,78.88151022,28.21390519,28.80851511,28.44796636,28.62759605,28.96553714,234.8190155,15.40619615,2.557347334,-0.02801524,0.144407547,chang7,2
Le97,1587.9121,1589.4467,69.87089062,2.542324618,150.742022,8.58093679,10.52033561,11.14279941,12.02359748,12.73125577,258.1626644,26.92923379,2.406623155,-0.146089711,0.503710111,chang7,5
Le97,1589.4467,1590.9296,68.21820641,3.162092492,126.7853975,24.13978899,23.59968257,23.96439034,25.54403055,26.72451329,239.474535,22.21012247,2.600687981,-0.105716596,0.38392699,chang7,3
Le97,1590.9296,1592.2511,65.94960894,2.989325983,88.75288228,40.81920651,33.88215855,32.50651809,33.16051715,33.97270339,229.8701314,17.04855776,2.579936658,-0.017148103,0.19376441,chang7,4
Le97,1592.2511,1593.3094,66.68880399,3.104988913,108.6866391,32.80806621,27.84362268,27.49996138,28.26580159,29.41867749,233.221845,20.40244484,2.607470791,-0.107044101,0.293433192,chang7,3
Le97,1593.3094,1595.0027,66.29465824,2.797314657,83.62467999,45.16920482,37.37225087,36.86994923,38.15526549,40.06665844,221.3587545,16.63532464,2.550648861,0.017057742,0.168123398,chang7,2
Le97,1595.0027,1595.6907,65.84099579,2.921684384,105.3891649,35.99540329,27.11503887,26.13274121,26.72412539,27.52752686,234.1232128,21.34191966,2.586537868,-0.102633482,0.276945828,chang7,3
Le97,1595.6907,1597.1194,63.68885651,2.838145002,95.39805552,41.9175209,32.31759199,31.15566673,32.22359784,33.28309975,238.2294759,19.45743764,2.55300897,-0.015036682,0.226990278,chang7,2
Le97,1597.1194,1597.8073,62.0650425,2.853522092,101.3932304,33.97368741,29.39467955,28.88853455,29.57301044,30.50447059,231.295229,18.54188204,2.571985334,-0.093437595,0.256966155,chang7,3
Le97,1597.8073,1599.7643,60.73865055,2.786239374,81.13266754,36.96554529,26.91626331,26.72705796,29.44602703,31.22151466,235.2457181,16.97368754,2.529341584,-0.013405152,0.155663338,chang7,2
Le97,1599.7643,1607.2254,65.74690181,3.005607812,99.68790275,33.08307693,28.89807054,27.79058755,28.47136969,29.10360547,229.2864145,18.82882921,2.620494359,-0.087301101,0.248439513,chang7,3
Le97,1607.2254,1608.4421,64.78265792,2.999603987,76.5851235,50.42787346,40.23509407,39.30506295,40.49921608,41.85754629,218.9646747,14.39519735,2.620428636,0.008184251,0.132925615,chang7,2
Le97,1608.4421,1609.1857,64.33636475,3.017803878,104.3696461,33.97331405,29.23604369,27.99529052,28.97061706,29.91765594,223.8877525,19.76851606,2.637976348,-0.076410291,0.271848229,chang7,3
Le97,1609.1857,1610.3486,65.13668412,2.79384536,77.51404307,167.7305318,100.2701718,93.18278357,95.26604227,96.49744767,228.5539997,17.41162168,2.539185946,0.010846672,0.137570215,chang7,4
Le97,1610.3486,1613.5235,66.66371525,3.041886272,101.4221691,35.94174374,29.71339185,28.79452006,29.56841446,30.44111795,225.6321763,18.56995403,2.611967643,-0.09115819,0.257110844,chang7,3
Le97,1613.5235,1621.0372,65.75135884,2.764576187,88.26325216,59.2117413,48.95044435,46.45541798,48.06563134,49.56322758,226.7121325,17.83481361,2.521803326,0.011260561,0.19131626,chang7,2
Le97,1621.0372,1622.4131,69.18473053,3.145274782,114.0224609,28.03587672,25.75456263,26.7811924,27.80751279,29.34190585,236.9736949,23.28410403,2.373905039,-0.122670492,0.320112306,chang7,5
Le97,1622.4131,1626.8579,66.99048886,2.72342479,93.83617605,49.40377854,39.97659921,39.21817267,40.52963405,42.05891724,234.2515201,19.28604162,2.508356582,-0.01144294,0.21918088,chang7,2
Le97,1626.8579,1627.8634,64.25842979,2.881857569,112.3991158,21.55312781,22.6175277,23.04981943,23.61453438,24.50420987,241.2362282,23.69145983,2.337836981,-0.097588129,0.311995578,chang7,5
Le97,1627.8634,1632.4154,64.14549953,2.736732133,84.82425673,39.22420343,34.11905849,33.51893953,34.42968438,35.51100901,228.8312816,17.96283539,2.516494208,0.013612689,0.174121283,chang7,2
Le97,1632.5199,1633.2607,65.33138084,2.938533843,115.7967367,24.78157806,22.93839979,22.84364128,23.29593444,24.0948329,234.2338009,22.19959426,2.550555289,-0.116511983,0.328983687,chang7,1
Le97,1633.2607,1643.0502,62.13464136,2.861459048,90.54699214,67.82714917,56.78879549,53.33757595,55.00284823,56.48883606,226.4855327,18.81534623,2.520865231,0.022204647,0.202734962,chang7,2
Le97,1643.0502,1643.9497,63.8367836,3.050161338,114.2384933,34.31755943,31.8465168,30.87580605,31.81597958,32.99392185,235.0798752,22.2701313,2.518895483,-0.091493563,0.32119247,chang7,1
Le97,1643.9497,1648.5004,65.93237402,2.952858722,92.77448727,68.16336461,57.36502538,51.46109723,52.42199382,52.46963761,222.5056461,17.90133318,2.566521842,0.016246181,0.213872437,chang7,2
Le97,1648.5004,1651.1462,72.24614037,3.11482199,106.6501609,68.58539129,57.40878819,50.07289992,50.31744625,49.49155256,224.3190579,21.02356211,2.638837514,-0.089159627,0.283250806,chang7,3
Le97,1651.1462,1653.1033,72.87233952,3.377666644,194.5512339,71.57004384,55.42458561,48.44326673,49.16173335,48.65341822,264.5526261,31.36840085,2.547497011,-0.150391762,0.722756172,chang7,1
Le97,1653.1033,1654.4275,70.55518832,3.265781471,134.4923145,27.35268361,23.91344602,22.88855539,23.44991425,24.35183811,249.0656967,27.0994354,2.618597559,-0.105338841,0.422461571,chang7,3
Le97,1654.4275,1656.7011,66.53803523,3.760547658,291.6583881,36.09747473,26.99621153,26.98431261,28.0463016,29.94506121,302.7684841,37.54875429,2.406311134,-0.181016102,1.208291935,chang7,1
Le97,1656.7011,1659.8752,59.88299237,3.025967136,113.3498921,53.90129136,43.51808536,40.70268937,41.96023271,43.06305828,222.168814,19.76983989,2.612268303,-0.05109284,0.316749459,chang7,3
Le97,1659.8752,1661.9939,67.43830594,2.796938983,186.267421,24.77474009,21.91239171,21.83138522,22.51291804,23.68915142,251.3750714,24.77401803,2.454955979,-0.177012085,0.681337103,chang7,1
Le97,1661.9939,1662.4694,69.18280538,3.089729746,101.5939369,81.94688861,58.73120308,55.10352198,56.90738932,58.63465118,221.9329936,17.7851572,2.551713943,-0.039438676,0.257969682,chang7,4
Le97,1662.4702,1663.3689,68.05806656,2.868675947,171.4502258,34.96192989,28.06439934,25.73450413,26.45356922,27.41970654,253.8836411,24.06380939,2.499123025,-0.186067079,0.60725112,chang7,1
Le97,1663.3689,1667.178,64.85249739,3.353454645,146.5724386,27.56601872,25.85963489,24.54134848,25.08605101,25.47369135,247.3459895,27.05421321,2.632620041,-0.123038607,0.482862194,chang7,3
Le97,1667.1797,1672.9475,42.56653466,3.42945233,320.2120237,225.3090809,218.3035258,159.3211564,161.8159257,146.5016942,298.7341453,39.49848974,2.393776813,-0.15458544,1.351060119,chang7,6
Le97,1672.9475,1676.7566,46.23648776,3.214266563,156.562516,62.8581495,52.14916953,47.27984081,45.43117621,44.3358482,244.043707,23.13566692,2.565390611,-0.158557745,0.532812582,chang7,3
Le97,1676.7566,1678.6086,48.68781815,2.695289004,97.23307228,100.3043442,95.38856239,68.24477291,67.9967844,61.80470848,232.3702759,16.24892979,2.530580103,-0.030987846,0.236165361,chang7,2
Le97,1678.6086,1688.8722,53.70577203,3.102817554,202.0015031,87.87910235,52.69061927,51.24905691,53.75082143,56.87098562,257.3570742,24.97070105,2.492406286,-0.199670478,0.760007512,chang7,1
Le97,1688.8722,1690.5117,54.04864816,2.689972962,111.2433979,83.18288377,55.71850238,54.52852687,58.18392024,62.04125977,233.82901,17.87633986,2.55064113,-0.040792714,0.30621699,chang7,2
Le97,1690.5117,1692.7879,58.98010254,2.800096263,147.9768852,18.05192943,20.50914816,22.90065646,26.18568707,27.67652416,242.4976629,22.50825349,2.395846119,-0.167873713,0.489884424,chang7,5
Le97,1692.7879,1702.7385,62.58663306,2.748002307,99.3831111,64.31736374,55.57730305,50.2301046,48.62855254,47.4260767,224.2462856,17.59770472,2.537468049,0.000736458,0.246915555,chang7,2
Le97,1702.7385,1703.8485,73.89990107,3.115459681,160.4958617,88.33894094,70.64479383,63.88626703,62.78506724,61.18499788,250.2503179,26.75646893,2.459669133,-0.132845702,0.552479304,chang7,1
Le97,1703.8485,1705.8585,74.18937356,2.5621661,164.6475169,20.07142215,17.03270247,17.50343613,18.29279931,19.03076799,267.8594389,25.78285072,2.416530802,-0.215396943,0.573237577,chang7,5
城96,1975.1462,1978.1434,69.16269501,3.229620562,122.7684396,36.28352837,49.87603317,52.18751556,47.90652969,45.73821365,222.8526715,16.35840012,2.656338654,-0.142913474,0.363842199,chang7,3
城96,1978.1434,1979.8028,70.77420752,3.410231386,141.7819988,38.77520943,54.83071463,57.08742196,53.0253394,50.54207311,242.4307796,21.88714273,2.653597099,-0.201394483,0.458909997,chang7,1
城96,1979.8136,1988.5909,71.67680531,3.377391765,124.6552177,27.63021367,34.21488646,34.35540814,32.6305939,31.93116132,221.4195971,18.11746483,2.677317995,-0.12750603,0.373276089,chang7,3
城96,1988.5909,1989.2259,70.33410517,3.100907524,130.0156148,32.89491526,44.19977125,45.94405937,43.45961825,42.2660319,228.8333715,17.38499991,2.630762259,-0.163843932,0.400078073,chang7,1
城96,1989.2259,1991.1389,71.04631233,2.939666957,95.28873062,34.45840335,47.36818981,49.23262382,46.55087459,45.05771267,223.1766987,13.705625,2.588121653,-0.034019945,0.226443655,chang7,2
城96,1991.1389,1992.3115,72.84764404,3.249480891,133.6273994,24.50437527,28.84792194,28.82975597,27.17896233,26.15033283,231.7915619,19.94700012,2.680771613,-0.177789895,0.418136999,chang7,1
城96,1992.3115,1993.4971,72.49401321,3.032111502,111.2402397,32.40384502,43.95222054,44.29516373,41.27092285,38.24174843,220.6366287,15.1670001,2.634423494,-0.077763094,0.30620119,chang7,2
城96,1993.4971,1994.9289,70.57155482,2.638766646,83.21120644,39.66699727,66.54132493,67.80109342,62.93827343,57.18027433,223.8653081,13.37833333,2.537802776,-0.016628296,0.166056032,chang7,4
城96,1994.9289,1995.8777,72.24164751,2.986503442,103.7360001,20.29097255,25.6534924,26.48617776,25.42168162,25.18656158,224.4187198,14.69777754,2.602238417,-0.052293687,0.268679996,chang7,2
城96,1995.8777,1996.7884,74.29422951,3.405379564,136.7555752,10.88289106,12.26332593,12.09485757,12.05679047,11.91866356,237.4924183,20.19249964,2.664261788,-0.18706194,0.433777876,chang7,1
城96,1996.7884,1998.1109,74.24900881,3.189796487,118.2472674,23.52162472,30.55714782,30.68380817,30.64576419,29.88875882,222.7137884,15.7316668,2.644603213,-0.124084432,0.341236336,chang7,3
城96,1998.1109,2000.2291,72.93453047,2.768915666,95.32307222,34.42606756,48.83468395,51.50221676,50.22507117,48.46889538,223.3455565,13.75055578,2.564128651,-0.039799345,0.226615361,chang7,4
城96,2000.2291,2001.1922,71.97265201,3.013964282,122.1248771,27.19375738,33.93941667,35.0544938,33.42919138,33.27828386,226.3861186,16.04999998,2.636651331,-0.151343,0.360624386,chang7,1
城96,2001.1922,2002.4561,72.44632097,2.750521248,98.15910894,32.99599318,43.45570755,45.72592475,43.61107844,43.02983197,226.3034585,14.04090916,2.5717206,-0.054752773,0.240795545,chang7,4
城96,2002.4561,2003.1746,72.1796548,2.925264835,119.3200705,29.41635759,38.4450046,40.17201941,38.44520569,37.56045859,228.0684422,16.52857154,2.632467134,-0.133473576,0.346600345,chang7,3
城96,2003.1746,2005.0563,69.98339701,2.574156255,88.3404808,39.58036447,59.3355329,64.75159621,62.583987,60.79197669,226.3813829,14.06187505,2.540115654,-0.02994339,0.191702401,chang7,4
城96,2005.0563,2009.1284,72.5371078,2.812933606,101.0591646,34.91663669,47.67630499,49.65202354,46.98784301,45.69361765,223.2147414,14.20205885,2.579485788,-0.034493755,0.255295824,chang7,2
城96,2009.1284,2016.4057,73.33400416,2.747993057,95.27330121,36.04982945,50.25835186,52.93674928,50.29483601,48.56318917,220.13162,12.52593217,2.573206526,-0.034350203,0.226366506,chang7,2
城96,2016.4057,2017.0407,74.46311696,2.940785964,123.5166982,36.94875399,52.59835625,55.71031698,52.43248431,50.37790362,224.5644252,14.83333333,2.588327765,-0.074184336,0.367583493,chang7,2
城96,2017.0407,2019.5282,76.88101233,2.702452444,95.6464237,37.83471825,52.83233497,55.79809243,52.63363248,50.6193706,219.0369532,12.71809519,2.574241218,-0.030360485,0.228232118,chang7,4
城96,2019.5282,2023.1934,79.04922282,2.765080571,104.7747462,39.98591436,56.80810877,60.0865448,56.10059878,54.06585553,222.0747579,13.42200006,2.553659836,-0.048586032,0.273873733,chang7,2
城96,2023.1934,2023.8309,80.01295217,3.038541238,134.0162977,39.42035548,56.02243805,59.17656708,54.97641691,53.01061885,225.831398,16.21499999,2.612312198,-0.203230997,0.420081486,chang7,1
城96,2023.8309,2025.8947,81.80120129,2.822358555,105.4399334,39.52385479,54.99674543,57.92892901,54.55294948,52.57971636,220.6960848,13.00388887,2.582069357,-0.058918495,0.277199666,chang7,2
城96,2025.8947,2026.6884,82.43125044,2.98730387,124.9709843,36.15372903,47.84869984,49.27569362,45.95619965,44.50410843,219.432445,13.9271431,2.629569803,-0.158126862,0.374854918,chang7,1
城96,2026.6884,2028.3289,83.68962751,3.125890613,94.48146493,42.30532346,58.75150027,61.10176386,56.58123997,53.27729552,206.2644381,9.95357132,2.639286995,-0.03241784,0.222407326,chang7,4
城96,2028.3289,2028.9639,84.6841774,2.939620376,124.6463992,38.58693314,52.13031324,54.86661657,51.49055481,50.25922712,224.7507833,14.38333337,2.583240271,-0.151122711,0.373232002,chang7,1
城96,2028.9639,2034.0437,85.703527,2.990935672,119.5134285,39.32115073,55.19097791,59.0336103,56.55164764,54.69161951,224.349766,14.70571432,2.581665079,-0.070194186,0.34756714,chang7,2
城96,2034.0437,2034.7317,86.97447859,2.9447624,114.8747853,36.72922897,50.16570227,54.22862625,53.3651668,53.41641617,227.6029554,16.14999948,2.57473462,-0.105360307,0.324373924,chang7,3
城96,2034.7317,2040.0209,88.77594172,2.970589105,113.0255028,37.0051101,49.29249786,50.76744922,48.38525231,47.16502744,214.9942939,12.82813944,2.640269141,-0.079559675,0.315127516,chang7,2
城96,2040.0209,2042.2688,92.22866058,3.210226147,152.0729113,35.30671692,46.03490127,48.05756699,45.23478779,43.57396899,232.9741299,15.9631578,2.618840506,-0.185819631,0.510364553,chang7,3
城96,2042.2688,2046.0554,94.14372696,3.221544404,175.4729693,33.19067973,44.49941008,46.55752527,46.360648,45.3065017,248.920738,20.44516151,2.581279716,-0.228630253,0.627364841,chang7,1
城96,2046.0554,2047.1667,95.27029572,3.075023031,128.7159698,31.74767303,37.66344967,37.19858551,35.38231297,35.07857456,232.4616241,17.30599995,2.592466092,-0.131162715,0.39357985,chang7,3
城96,2047.1667,2048.4897,95.53419685,3.443826318,176.1228917,33.05706056,40.45157083,39.90553872,37.89761957,37.08778413,244.3430532,20.56916666,2.610928416,-0.213792282,0.630614455,chang7,2
城96,2048.4897,2049.3588,94.13882923,3.380748034,151.038929,40.42686796,55.19433069,56.59694624,50.27463531,48.3736124,236.6966476,19.23874998,2.631764621,-0.176359799,0.505194642,chang7,3
城96,2049.3588,2050.5398,94.85175858,3.653046465,221.4104935,33.54486923,44.19897003,47.0905056,45.75684052,44.06622314,260.2837845,24.59899979,2.581197906,-0.214492473,0.857052469,chang7,1
城96,2050.5398,2055.4424,95.99296265,3.523306316,148.310626,37.43432589,49.04668903,49.76812887,46.12013578,43.70356665,235.1778923,20.93900003,2.648632538,-0.13837792,0.491553127,chang7,3
城96,2055.4424,2056.6966,96.4906859,4.208331953,342.2132069,25.67743033,30.885398,32.06693788,33.51200208,35.36862269,311.3714156,37.40181819,2.427083362,-0.204273223,1.461066018,chang7,6
城96,2056.6966,2058.0213,97.46210734,3.018225511,250.6504669,19.95626211,25.00244157,25.46586164,27.5617218,26.99912405,271.6950315,25.85750024,2.464525183,-0.229542801,1.003252332,chang7,2
城96,2058.0213,2060.0499,97.06699326,3.764742613,408.5616258,25.31665768,35.59340948,37.31717547,41.08681219,40.23160082,297.6828353,32.44117636,2.415151035,-0.222769229,1.792808133,chang7,6
城96,2060.0499,2063.0979,96.08211365,2.885711575,297.8496216,23.65161163,29.64862389,30.19360596,31.19656464,31.75924255,251.1809326,25.1020002,2.424756746,-0.190474848,1.239248097,chang7,2
城96,2063.0979,2073.2986,96.11152787,3.739657873,429.3202474,49.5851366,97.73561188,123.1173624,137.5006003,132.5698722,301.6505221,34.70963857,2.319659868,-0.209102079,1.896601231,chang7,6
城96,2073.2986,2079.3946,99.6605307,2.882616773,129.8225955,50.90435612,108.3541427,142.0819112,141.3677496,131.6825429,241.4828229,19.34780006,2.50638483,-0.063981143,0.399112974,chang7,2
城96,2079.3946,2081.0804,105.3279773,2.657602089,176.3641047,13.9934488,18.17601899,18.75626298,19.20501089,19.33491285,249.4524623,17.7964282,2.569239412,-0.246364302,0.631820517,chang7,5
城页1,1936.6902,1938.1026,42.15120792,3.789289236,128.7460594,21.60538991,22.65057635,22.63987962,25.53610611,28.42980162,243.1550903,23.34246476,2.563075801,-0.108706632,0.393730295,chang7,1
城页1,1938.1026,1947.0218,41.80355353,3.130368928,96.6868692,36.96114347,45.02297735,41.05518789,43.80933343,46.56015539,220.0059497,16.31644603,2.557248616,0.003769269,0.233434346,chang7,2
城页1,1947.0218,1948.7129,43.73994726,3.138985268,98.84541779,40.19095459,47.93183123,43.2830438,45.371322,47.45649261,217.1911743,15.19896151,2.554437542,-0.006070954,0.244227086,chang7,4
城页1,1948.7129,1950.0252,43.90036253,3.570524541,120.0567315,21.18706192,23.36456082,22.39435907,24.2581247,26.12158931,233.5955561,21.95823548,2.563436595,-0.054257581,0.350283658,chang7,1
城页1,1950.0252,1950.9564,43.54246521,3.049691677,89.62428474,40.06862402,44.74490118,41.50888252,45.25220394,48.9928546,221.1635151,15.48866069,2.567663759,-0.000768957,0.198121425,chang7,2
城页1,1950.9564,1951.8704,43.21402931,3.115608007,107.3842793,30.51537728,32.67178249,29.50977588,31.11135745,32.71162486,226.1072083,17.84740663,2.59000501,-0.039223596,0.286921397,chang7,3
城页1,1951.8704,1955.6809,43.8519815,2.96847748,91.7603558,34.49060151,40.50303207,37.24105441,39.44993247,41.65761714,219.5483763,15.10928225,2.550543377,-0.000986764,0.208801778,chang7,4
城页1,1955.6809,1957.2049,45.41072464,3.533822243,112.1448018,23.45123988,25.73709128,25.62172897,27.98856867,30.35466473,235.168889,18.9637884,2.505370434,-0.062502979,0.310724012,chang7,1
城页1,1957.2049,1961.7599,45.51393602,3.251329486,98.82440515,32.60733434,37.96897069,35.22289833,37.68262394,40.1412701,218.9605507,15.47488388,2.573070545,-0.006997646,0.244122025,chang7,2
城页1,1961.7599,1965.473,48.23823978,3.236544163,99.44431969,32.00194433,34.6662095,33.42758548,35.97377605,38.51676504,219.9305174,16.51181593,2.54443034,0.00059374,0.247221599,chang7,2
城页1,1965.473,1967.5043,51.52935297,3.477636001,123.0731277,29.74553882,34.24259977,35.17401426,39.71839164,44.25864399,233.032608,20.76078897,2.547070447,-0.085017567,0.365365639,chang7,1
城页1,1967.5043,1968.1139,53.12341245,3.24041903,95.31450653,32.93997796,38.49946594,35.46263568,38.03322156,40.60255369,219.6195679,16.63722499,2.563207467,-0.012687807,0.226572528,chang7,2
城页1,1968.1139,1978.3895,54.14604385,3.427282316,120.0910721,30.4585148,34.56463991,31.86136577,33.53092752,35.20003096,228.5519431,20.45055519,2.613022672,-0.066014518,0.35045536,chang7,3
城页1,1978.3895,1980.7612,55.56250534,3.381990707,110.6562569,25.43447113,28.07951059,27.1976264,28.72265034,30.24744816,220.6272217,18.82457862,2.650626159,0.006911298,0.303281287,chang7,2
城页1,1980.7612,1982.0471,59.17119321,3.422253002,121.9120095,15.41832152,15.98451311,16.00263041,16.68791043,17.37286767,243.5362757,25.64548631,2.632784258,-0.054415823,0.359560051,chang7,3
城页1,1982.0471,1983.1753,62.5396698,3.522310495,143.7981506,13.60105085,14.22435837,14.13081989,14.8675252,15.60368471,255.7441971,27.05533752,2.607843232,-0.14887552,0.468990749,chang7,1
城页1,1983.1753,1985.5465,64.38814678,3.95602777,134.156609,9.668080068,11.86175492,12.56732931,14.21695104,15.86368616,260.7363647,29.42562819,2.51883899,-0.096271387,0.420783046,chang7,3
城页1,1985.5465,1988.9758,64.63881193,3.863650765,151.9254788,15.84488884,21.65717891,23.46301259,26.50445553,29.52657161,267.0241961,30.67410122,2.505020763,-0.135871204,0.50962739,chang7,3
城页1,1988.9758,1991.6516,61.8804701,3.599723924,194.4272301,32.69875752,38.39080472,40.24276725,43.89375583,47.54375128,285.1700786,34.63029177,2.518121243,-0.170045964,0.722136151,chang7,1
城页1,1991.6516,1996.913,60.11794201,3.446400881,157.6778174,32.60032042,37.16934311,34.75925942,38.66484717,42.56496563,276.4462692,31.35886445,2.549140686,-0.126183904,0.538389085,chang7,3
城页1,1996.913,1997.6858,62.19619152,3.2299194,182.6362109,19.55234882,20.88650077,20.45602049,23.45401382,26.45075035,283.0099836,29.92355892,2.519724812,-0.209325139,0.663181049,chang7,1
城页1,1997.6858,2000.8026,61.657417,3.610994211,146.5183992,13.85703516,14.84862867,14.76341739,17.28616564,19.80770052,274.3638658,29.0555764,2.58714796,-0.12085452,0.482591994,chang7,3
城页1,2000.8026,2002.4758,57.16174262,3.487451911,168.1952929,21.81668704,21.58125598,20.41575227,23.64080027,26.8645418,287.9868033,31.3220471,2.571617978,-0.177144989,0.590976468,chang7,1
城页1,2002.4758,2004.6219,54.88237593,3.214858201,136.3343921,28.21239387,28.48448478,27.07176018,31.33956528,35.60684278,268.3875317,28.11461427,2.580814865,-0.094099126,0.431671957,chang7,3
城页1,2004.6219,2005.5727,55.30501429,3.267436398,127.0488807,34.92307515,32.270966,30.27928034,35.15208732,40.02479935,250.9844767,29.96443007,2.543469058,0.03190449,0.385244403,chang7,2
城页1,2005.5727,2006.7414,55.72555122,3.087098718,119.3999725,37.40228233,34.79377861,32.97914906,39.11120415,45.2425663,245.9688187,25.4252943,2.585650349,-0.030624001,0.346999863,chang7,3
城页1,2006.7414,2009.4854,57.14287899,3.141756203,185.7595424,24.5326077,26.27838881,25.6019035,30.51216407,35.42183237,251.4060788,25.81162345,2.528952039,-0.151772693,0.678797711,chang7,1
城页1,2009.4854,2011.8426,57.37296963,3.887119317,326.1949226,20.92558584,21.41521645,20.64855165,24.77678976,28.90392838,302.1570663,35.2403614,2.44897536,-0.204946085,1.38097463,chang7,6
城页1,2011.8426,2015.9289,57.38471794,3.275106248,168.5538265,41.30494673,39.04129188,34.10578088,35.791915,37.47107231,236.1681236,21.6660402,2.560924677,-0.130770692,0.592769134,chang7,3
城页1,2015.9289,2017.9385,53.34965493,3.235529801,182.5892931,16.5096766,19.56525012,19.088331,20.07376211,21.05711168,251.2758502,21.71794185,2.468039078,-0.193855513,0.662946463,chang7,5
城页1,2017.9385,2022.982,38.85246137,3.167519779,281.9751055,29.70823967,31.38922447,29.130942,31.28161705,33.42143301,249.0032404,23.88687753,2.526156065,-0.191789824,1.159875524,chang7,1
城页1,2022.982,2027.3126,25.62074063,3.605380495,494.4818039,51.60250454,51.81464987,45.79600943,49.09218131,52.36636784,324.7275844,38.63910227,2.283113579,-0.22037189,2.222409012,chang7,6
城页1,2027.3126,2027.9626,26.64071941,3.112139583,136.502182,60.73738543,50.93850644,45.26089764,52.81309954,60.33726184,230.2512309,17.49652338,2.497607231,-0.084824661,0.432510907,chang7,2
城页1,2027.9626,2033.9507,30.63549657,3.000814608,112.667546,86.83899218,70.4834497,59.89856677,66.14359178,72.38193123,221.8396554,15.79272338,2.511332269,-0.017200525,0.31333773,chang7,4
城页1,2033.9507,2038.5024,31.93277328,3.537746075,345.3044912,29.52813502,31.55666228,31.66628394,39.75619525,47.44758521,288.84786,31.00695079,2.401549172,-0.207158026,1.476522455,chang7,6
城页1,2038.5024,2040.2906,34.14511642,2.889007839,120.0050023,65.4842069,68.58324661,59.69154917,65.39450658,71.09202627,227.5780599,16.22195015,2.516715384,-0.036331433,0.350025011,chang7,2
城页1,2040.2906,2042.0381,37.33834737,3.336248302,203.8283722,49.42448076,47.69514834,44.32759552,52.20258967,60.07239354,254.2465932,21.92968337,2.476711702,-0.165742314,0.769141859,chang7,1
城页1,2042.0906,2044.216,39.32335324,2.91949692,109.5574994,83.49875895,65.55618032,53.18654103,57.7174068,62.23754099,214.1044108,13.67101653,2.537680109,-0.014207258,0.297787494,chang7,4
城页1,2044.216,2045.1878,44.36907578,3.129776107,140.6338094,120.8991695,99.41448127,83.6352484,97.58656311,111.4947128,218.9818709,16.44499249,2.571228769,-0.040266393,0.453169041,chang7,2
城页1,2045.1878,2046.4272,49.20151554,3.144677119,169.8363148,62.28281403,67.9710383,60.94235386,69.22643003,77.47077803,240.1097301,22.23591813,2.48349038,-0.074099003,0.599181568,chang7,1
城页1,2046.4272,2047.5959,55.10134048,3.072615027,114.6503014,68.42686558,61.98134918,53.86658268,65.65118752,77.42420807,215.1930923,14.71359873,2.553078437,-0.06143791,0.323251504,chang7,2
城页1,2047.5959,2051.7104,57.84641109,3.135653643,163.6893688,54.06235633,62.30930542,54.8497264,61.82590473,68.79117079,259.4132421,23.28776803,2.47236803,-0.173176776,0.568446848,chang7,1
城页1,2051.7104,2055.519,52.50792608,2.91483763,111.5871065,55.68028118,59.41350888,52.18555857,56.36114397,60.53550068,222.2827163,16.69430819,2.547793281,-0.01030106,0.307935534,chang7,2
城页1,2055.519,2058.1876,58.25646175,3.015222333,173.1073074,10.38116368,11.63464076,11.9813494,13.59912955,15.21604016,272.7611798,23.92572689,2.462092963,-0.230407246,0.615536537,chang7,5
塔35,1830.0069,1831.4463,71.59112314,3.14113914,103.8044404,28.09712102,28.82042313,31.64606535,32.40366055,31.39372459,227.3805906,16.0091362,2.619472925,-0.037093098,0.269022201,chang7,2
塔35,1831.4463,1832.5893,70.97346115,3.355868006,126.0756195,26.52157307,26.71348801,28.13183613,28.34577675,28.0729187,232.8550003,18.92609577,2.620768213,-0.109790082,0.380378097,chang7,3
塔35,1832.5893,1833.4775,69.93622971,3.391391218,96.17420006,32.01498985,32.0583024,34.42290759,34.4771874,32.91365981,220.6821613,14.41943693,2.627500027,-0.013856713,0.230870999,chang7,2
塔35,1833.4775,1834.1699,69.39470891,3.154978752,116.2347565,28.25036267,28.75571578,30.88933781,31.10195787,29.753579,227.406965,17.60913045,2.649300643,-0.068111674,0.331173786,chang7,3
塔35,1834.1699,1837.0747,68.15525627,3.04016608,94.84385745,25.25127721,27.23418188,29.17815526,29.45162376,29.13049205,222.785408,13.39153473,2.612758785,-0.038643289,0.224219287,chang7,2
塔35,1837.0747,1840.125,70.97037323,3.1300494,110.6268628,24.64144379,27.23737419,29.42799088,29.94972397,29.78051331,223.5012268,16.66282516,2.639794321,-0.050286689,0.303134314,chang7,3
塔35,1840.125,1843.0037,68.72708543,2.981168697,100.7272609,25.06750655,27.73418514,29.92724021,30.34363484,29.8658851,217.4905167,12.80545517,2.604795386,-0.038983921,0.253636304,chang7,2
塔35,1843.0037,1844.4006,69.58902168,3.083627721,118.1935692,27.07780663,27.28517485,28.31455771,28.31739314,27.86277771,221.5923309,16.80110606,2.646904786,-0.07486929,0.340967846,chang7,3
塔35,1844.4006,1846.4756,68.17784331,3.275925742,81.53655285,44.31426059,42.10448668,43.62768894,42.49579154,39.04504543,203.5851941,11.39179224,2.657250868,0.004475605,0.157682763,chang7,2
塔35,1846.4756,1850.4965,70.03129277,3.09006217,114.7727959,35.28629898,36.15193459,37.78619425,36.93559427,35.28012859,221.3688035,16.58036645,2.627512614,-0.079175683,0.32386398,chang7,3
塔35,1850.4965,1852.1053,71.23617717,3.389063069,163.8955427,17.43998596,17.69764703,18.39105708,18.33154426,18.09105028,265.9356744,26.7888155,2.619119951,-0.198502403,0.56947772,chang7,1
塔35,1852.1053,1853.2908,72.40038223,3.146758842,111.0532738,52.44616356,57.73987885,66.07763023,63.1824646,61.61297951,234.0924194,17.33469076,2.570871162,-0.073058778,0.305266371,chang7,2
塔35,1853.2908,1855.9572,71.90893728,3.348564733,154.0703028,30.1366549,33.02787529,35.29836204,34.54672562,33.34345384,252.9309269,23.46632758,2.603131478,-0.189202514,0.520351518,chang7,3
塔35,1855.9572,1857.6084,72.83025415,3.549839343,202.6991544,14.02560227,19.34671368,22.65415512,23.51605974,24.19845159,279.2686048,28.94787707,2.519738146,-0.212848456,0.763495777,chang7,1
塔35,1857.6084,1859.0904,73.18066758,2.797303677,97.88293457,38.73547231,50.68017079,64.61468242,65.33716172,63.05936696,222.445647,15.55056168,2.554678568,-0.026261984,0.239414674,chang7,4
塔35,1859.0904,1861.5033,73.06746025,2.843467581,104.7636795,40.64520941,46.28868942,53.12050076,52.174897,49.50524502,224.6082779,15.62106862,2.592725205,-0.04023087,0.273818395,chang7,2
塔35,1861.5033,1862.9033,73.64674441,2.959527334,132.2707933,33.48332596,36.04761314,38.52306652,38.05437056,36.13523102,234.9223785,19.50670878,2.635935525,-0.142010064,0.411353968,chang7,3
塔35,1862.9033,1864.2564,73.50631905,3.102521976,112.3350042,44.38237158,46.59405327,52.64528592,52.62051169,48.72991498,223.7959963,15.28652541,2.603758057,-0.073906055,0.311675022,chang7,3
塔35,1864.2564,1867.8529,72.27845205,2.77518599,97.09234924,49.81516978,55.26314748,64.4682874,63.81148122,59.47246768,226.8744705,14.92232173,2.564967752,-0.035656576,0.235461744,chang7,2
塔35,1867.8529,1869.2081,72.89487076,2.928921441,113.0211233,43.07052803,44.83431021,49.90908972,49.63501358,45.74379031,226.4633522,16.43869893,2.617448628,-0.080006282,0.315105615,chang7,3
塔35,1869.2081,1872.1281,72.55370045,3.005559643,99.20640087,50.33493408,56.07120832,64.27438354,62.90873718,57.79382118,225.3433272,15.82608386,2.583429019,-0.028009899,0.246032001,chang7,2
塔35,1872.1281,1873.4386,73.07186196,3.071111787,105.81616,47.09656733,52.39202777,61.52158564,59.58462732,51.84096354,221.541085,14.40201517,2.6051098,-0.064284977,0.279080804,chang7,3
塔35,1873.4386,1875.2611,72.40933752,2.85461019,99.22958899,46.53997493,49.47666192,56.39409423,56.31237078,54.94894505,226.5237808,15.2071566,2.571541592,-0.037427969,0.246147946,chang7,2
塔35,1875.2611,1875.7691,73.86598206,2.886097813,116.4967361,29.65814743,35.41834793,42.6057312,42.54226913,37.99921646,231.2836578,17.81784401,2.55994215,-0.119142577,0.332483682,chang7,3
塔35,1875.7691,1878.4783,72.21995544,2.966180055,92.67186007,191.2567019,127.871119,130.9505234,123.7322243,112.5713877,210.4262583,11.99129787,2.610536627,-0.027274233,0.213359301,chang7,4
塔35,1878.4783,1879.1557,73.8110822,3.02868859,133.0567017,46.51888466,42.30101204,41.21658071,40.20740827,37.98535951,234.7511648,20.47650178,2.625934362,-0.138751072,0.415283506,chang7,3
塔35,1879.1557,1880.2137,73.27771505,2.774995698,88.9806917,110.7470529,105.8666043,133.9779837,132.4684325,123.6278326,235.7376912,16.27754455,2.530385441,-0.027650067,0.19490346,chang7,4
塔35,1880.2137,1882.2883,73.33891042,2.794043408,103.716849,110.6176222,76.37107786,78.62533061,76.72332615,70.56422573,227.8232829,15.31782982,2.577989605,-0.049097188,0.268584246,chang7,2
塔35,1882.2883,1886.8178,74.33440935,3.069956135,128.5548553,43.54484672,46.32789725,51.9127688,52.41741758,50.21362655,232.396145,17.89706694,2.621621042,-0.142785203,0.392774275,chang7,3
塔35,1886.8178,1888.8081,74.29388114,3.211241119,168.6506419,36.15905863,36.72901838,39.93753265,40.38156072,39.17389219,250.9620819,21.84138769,2.606470837,-0.155700208,0.593253209,chang7,1
塔35,1888.8081,1892.0654,74.13440054,2.741764236,106.0459145,113.8547981,88.84010767,92.90840629,90.68396816,84.31283301,225.7690876,12.5837089,2.573883074,-0.070233464,0.280229575,chang7,2
塔35,1892.0654,1897.9917,75.81591908,2.947338765,168.1561074,38.30196915,31.65598282,31.93738263,31.86358465,30.74507664,234.1523876,16.9770689,2.617035508,-0.163843621,0.590780539,chang7,3
塔35,1897.9917,1901.3379,77.64906883,2.769101816,150.1018246,69.60727419,51.72579357,52.5863048,50.26586642,46.34063714,231.8566715,15.67271648,2.547130133,-0.15007833,0.500509124,chang7,2
塔35,1901.3379,1903.3275,76.7667169,2.843835115,176.8076001,66.58024126,48.82680444,49.1945913,47.91341726,43.93082787,234.0245047,17.25242289,2.554768703,-0.18219674,0.634037993,chang7,1
塔35,1903.3275,1905.3172,76.57316724,2.792624025,146.2621756,66.97221756,51.37779505,53.04517948,52.16054916,47.83681286,235.3834498,16.27197866,2.531037906,-0.142064064,0.481310883,chang7,2
塔35,1905.3172,1925.44,70.38915078,2.916723362,248.2232049,53.05148297,49.01413112,52.32899991,55.29317353,54.77570333,242.9465269,19.61908676,2.523653871,-0.224885607,0.991116026,chang7,1
塔35,1925.44,1934.8568,50.22093959,3.896484021,533.9745987,79.32577208,70.28001798,77.13537113,79.32573492,75.66391738,325.8403923,41.39175081,2.280457519,-0.197085599,2.419872998,chang7,6
塔35,1934.8568,1938.3096,69.60866678,2.56050715,158.734289,23.38221589,24.18056136,26.41157341,25.83853794,27.10875958,273.1283917,23.34315504,2.444633065,-0.166446867,0.543671441,chang7,5
塔35,1938.3096,1940.9782,72.78148339,3.034689654,102.7104166,30.82702485,30.73524518,31.87815423,31.5811905,30.5949329,241.4802059,20.64728321,2.598276247,-0.102566787,0.263552085,chang7,3
塔38,1868.0226,1873.3139,62.69224087,3.544186448,119.7535872,31.03780454,31.12712931,30.66243043,29.39946609,28.99827886,220.5714441,16.58461639,2.64064251,-0.059464664,0.348767938,chang7,3
塔38,1873.3139,1886.0135,59.67383479,3.268845246,98.89989331,51.69248485,51.03887121,50.75764984,50.38753713,50.51577264,225.0986491,15.85426019,2.548036325,-0.019221879,0.244499467,chang7,2
塔38,1886.031,1890.1795,63.34513754,3.374426344,114.1025397,35.53259188,35.57785461,34.95243252,34.81085351,34.79328515,219.5337152,15.10286241,2.621543407,-0.055713519,0.320512698,chang7,3
塔38,1890.2467,1894.5223,61.72137244,3.053399372,102.8935248,34.84660568,34.60940192,34.37829677,34.1773534,34.28517936,231.5679696,15.29253897,2.514066008,-0.048781167,0.264467623,chang7,2
塔38,1894.5223,1897.274,64.51155488,3.397925149,118.8392248,40.86224821,39.50283308,39.00911447,38.49903057,38.736302,221.5448383,15.07400198,2.590926647,-0.108646995,0.344196121,chang7,3
塔38,1897.274,1898.8826,62.56190327,3.300619807,103.9021508,39.61804799,38.24239758,37.54934147,37.19480814,37.35234751,217.7432491,14.13298259,2.594914266,-0.030512803,0.269510753,chang7,2
塔38,1898.8826,1899.6869,61.07208361,3.331741026,119.406383,33.38152586,34.36902618,33.99370466,33.2724871,33.08762414,217.5379355,15.00679561,2.61895081,-0.062409944,0.347031908,chang7,3
塔38,1899.6869,1911.4131,59.27045842,3.264422665,96.49034496,82.18354,47.39352025,42.30272167,40.63503077,40.28617146,214.8558356,13.14935905,2.617446232,-0.020982806,0.232451725,chang7,2
塔38,1911.4131,1927.7958,69.34353459,3.513028266,132.4138808,26.64817375,26.91859585,26.18448912,25.1653368,24.60757797,234.6702386,19.57214769,2.608719865,-0.102363397,0.412069405,chang7,3
塔38,1927.7958,1934.1626,62.96293457,3.234103395,106.5387723,39.34236563,40.23892968,39.99887466,39.85134983,39.89053653,218.1924556,16.78138555,2.608868452,0.006207628,0.282693861,chang7,2
塔38,1934.1626,1935.3997,65.07355499,3.292262532,140.9890123,36.09638977,36.89980698,36.45548803,35.80013275,35.56760753,229.0160065,18.42439764,2.624431523,-0.120358815,0.454945066,chang7,1
塔38,1935.3997,1936.2125,65.69148254,3.327057958,97.07405758,51.93895149,50.78492498,48.75668526,47.78699732,47.83221149,200.0347996,13.10777211,2.674368262,0.000607835,0.235370286,chang7,2
塔38,1936.2125,1937.7036,66.06348889,3.634208276,154.9544402,41.12304629,41.52915338,41.43755165,41.37168444,41.73664005,228.83436,23.44231283,2.602722443,-0.107050517,0.524772204,chang7,1
塔38,1937.7036,1946.0347,65.9044397,3.546007107,135.1801947,43.68084226,43.60602384,43.69159513,44.09487999,44.70817942,227.9548113,21.41930232,2.617477319,-0.076311954,0.425900973,chang7,3
塔38,1946.0347,1950.3707,66.8070488,3.489077753,192.9303436,49.07461977,48.54308579,50.07791053,52.33701664,54.31798946,260.207024,26.73966302,2.525015348,-0.19031853,0.714651719,chang7,1
塔38,1950.3707,1962.6958,68.80928696,3.450130782,268.5011986,51.56871456,53.84078461,55.60704342,56.89210667,58.94844505,272.6494031,29.49124479,2.45841012,-0.195167261,1.09250599,chang7,6
塔38,1962.6958,1965.067,68.01858215,3.280027103,144.2857628,247.9837585,246.7683403,244.9863716,244.9863655,244.9560814,246.0865829,26.08563805,2.488054752,-0.101790421,0.471428812,chang7,3
塔38,1965.067,1966.8443,65.75604553,3.293292586,163.9172841,212.6718079,144.4775691,135.8360812,136.1216408,136.6791501,249.8314056,25.37289925,2.440005906,-0.180615287,0.56958642,chang7,1
塔38,1966.8443,1970.4172,64.96450513,3.224618204,280.624734,30.12618446,29.30320527,28.22183901,28.3985034,28.70939452,258.0027873,26.83016243,2.401102177,0.019479055,1.153123681,chang7,2
塔38,1970.4172,1980.4416,71.67166034,4.116227226,526.5814011,44.96209911,45.97697076,46.6153367,47.56839424,48.33903428,313.594852,37.79324218,2.272088195,-0.205412245,2.382906992,chang7,6
塔38,1980.4416,1983.1508,69.80054938,2.880590978,123.9485769,59.328909,49.50628695,46.25827565,48.49470064,49.60969444,223.2800134,16.1847297,2.594454444,-0.125173723,0.369742887,chang7,3
塔38,1983.1508,1984.8095,72.51566642,2.478031772,165.4720639,12.47688648,17.27229207,19.78424535,19.73261963,19.41007601,257.046778,16.5579665,2.458565133,-0.269971547,0.577360315,chang7,5
宁148,1647.538,1648.4864,43.04813809,3.345078892,154.1434343,23.46001879,22.86951658,23.53580983,23.22977469,22.00668356,241.8329942,20.78422228,2.654631085,-0.137912889,0.520717171,chang7,1
宁148,1648.4864,1651.1961,40.59284111,3.052497812,127.4657424,31.18011748,30.27166333,32.57108697,32.63897166,31.1711998,230.0382511,15.15078271,2.613413904,-0.090801427,0.387328708,chang7,3
宁148,1651.1961,1652.1449,40.51087867,3.200811121,144.3277656,25.62134531,26.21079106,27.23253059,27.83887015,28.52947341,234.4986776,17.88000001,2.639963309,-0.124240756,0.471638822,chang7,1
宁148,1652.1449,1654.212,39.57757484,3.045407203,129.8579623,30.4728579,31.28493542,32.85979017,32.21228769,31.44133462,226.7619646,15.53572226,2.629590538,-0.088296864,0.399289811,chang7,3
宁148,1654.212,1655.4638,36.24593076,2.551279111,93.72408988,45.40834479,46.04026898,48.37225134,47.3460624,46.0778741,232.7054083,14.68536342,2.511519107,-0.050856934,0.218620451,chang7,4
宁148,1655.4638,1658.9165,36.06573776,2.840266203,114.04603,29.77197088,29.30500511,30.40464125,29.76138825,28.79514056,228.1091451,14.09920686,2.58551517,-0.086821388,0.320230147,chang7,2
宁148,1658.9165,1659.7305,36.61355209,2.736938804,97.2974329,36.99955678,37.54025817,40.74424624,39.29637599,37.82175851,235.7568474,14.90200007,2.532975048,-0.063443132,0.236487165,chang7,4
宁148,1659.7305,1660.6727,37.37656318,3.147643354,144.2394782,21.1024918,21.11565675,21.77740224,21.4975711,20.5219379,241.0610538,18.72177739,2.65382221,-0.13355704,0.47119739,chang7,1
宁148,1660.6727,1663.5435,34.72238827,2.865212103,106.4348192,24.63992874,24.89188838,25.7390751,25.17329335,24.26378393,226.5772133,13.03549993,2.588470012,-0.078024278,0.282174098,chang7,2
宁148,1663.5435,1667.9249,35.02039019,2.766113341,102.8745886,24.9752725,25.00747771,25.89320527,25.34500392,24.46837939,225.9186639,12.21555556,2.562569737,-0.076396479,0.264372942,chang7,2
宁148,1667.9249,1673.6075,40.08021346,2.927017165,120.9402424,28.59833639,29.28234366,31.14015886,31.07242286,30.08865742,230.1869384,14.62826103,2.596954548,-0.081127474,0.354701213,chang7,3
宁148,1673.6075,1674.4028,40.47909437,3.188965729,162.9997842,32.78568677,33.88479342,37.50721468,38.14420591,39.03603309,243.7585776,20.65857124,2.611160006,-0.173480042,0.56499892,chang7,1
宁148,1674.4028,1675.0707,38.96418889,2.991748333,123.4207649,36.01675797,37.74517314,40.43823624,39.96812503,40.28553327,238.4080353,16.86849991,2.541979988,-0.085513911,0.36710382,chang7,2
宁148,1675.0707,1675.5028,38.23905754,3.069075108,150.2477989,35.37514114,37.49549484,40.13601494,39.43047237,38.39315796,246.1500931,20.01425028,2.549350023,-0.147505766,0.501238979,chang7,1
宁148,1675.5028,1677.9578,37.06750161,2.629309053,107.1636534,36.398886,38.15260042,40.91398439,39.24651954,36.8085725,235.2372255,13.99461905,2.518098105,-0.090904645,0.285818266,chang7,4
宁148,1677.9578,1684.737,38.84687167,3.247841653,260.9462818,25.13513917,26.22564649,28.17328966,28.55041598,27.41335061,269.8439572,24.01809108,2.532340722,-0.240800632,1.054731409,chang7,1
宁148,1684.737,1687.3934,34.30782249,2.990346367,129.1326273,26.47438309,27.57368183,29.28882053,29.24158773,28.1109685,227.7770143,13.99995466,2.605628642,-0.047685116,0.395663137,chang7,2
宁148,1687.4539,1688.5377,36.85856094,3.236846018,152.6542793,21.96910286,22.0421629,22.89104996,22.94976101,22.60331669,234.5754211,17.17570009,2.638479996,-0.140098715,0.513271385,chang7,1
宁148,1688.5377,1689.7912,38.28834811,3.032260006,132.288482,26.58135171,26.61849386,27.28575013,27.16740088,26.75965968,225.4602744,13.25345482,2.61026545,-0.053654408,0.411442404,chang7,2
宁148,1689.7912,1693.7547,37.7427967,3.074868462,143.9041875,21.57880656,21.66522997,22.48387579,22.31837371,21.49573274,229.6642387,14.4033938,2.637306351,-0.141872924,0.469520935,chang7,3
宁148,1693.7547,1695.3572,35.70973696,2.816502111,113.7426682,26.91082137,28.10311277,30.40986088,29.00644425,27.96927193,221.0257917,10.13935709,2.597278578,-0.044177115,0.318713344,chang7,2
宁148,1695.3572,1696.1781,37.39113617,2.762874991,133.2908106,18.67408371,21.74103999,23.84559608,23.05022979,21.89979887,235.0365391,13.68312502,2.580611229,-0.12851552,0.416454054,chang7,3
宁148,1696.1781,1698.5244,37.48452721,2.753996992,112.0370289,20.90467463,26.40652065,28.88870497,29.26956081,30.01842089,232.3725311,13.60510011,2.546361494,-0.094401975,0.310185145,chang7,2
宁148,1698.5244,1701.3183,39.56064606,2.918424783,129.7595566,27.90978962,27.79622443,29.09109937,28.36570798,27.23500459,228.3677003,13.20686971,2.586835208,-0.114179525,0.398797783,chang7,3
宁148,1701.3183,1708.0492,39.2877422,2.761814911,111.6957413,33.66690584,34.94501107,37.71195994,36.90739632,35.68582108,231.4418865,12.70072724,2.54256108,-0.103089247,0.308478707,chang7,2
宁148,1708.0492,1709.4028,44.65904744,3.000825842,138.6609357,24.03861491,24.43534931,25.60205873,25.28551769,24.00163682,230.1857605,14.83141653,2.602577468,-0.126027935,0.443304675,chang7,3
宁148,1709.4028,1711.6206,44.57288963,2.911386302,196.7372204,24.88769742,26.27942738,27.03183515,27.0669378,25.865656,254.2288288,18.10568428,2.576332644,-0.265390548,0.733686102,chang7,1
宁148,1711.6206,1713.443,40.79935169,3.088003099,170.7154007,30.04279208,28.7946769,30.5763073,29.73344803,28.92957872,248.9692631,17.35699987,2.600453138,-0.208424541,0.603577008,chang7,1
宁148,1713.443,1715.475,37.61638058,3.03168179,129.7876829,32.51341853,34.3767496,38.14035831,38.40195454,37.78537257,229.9355325,14.2038232,2.588334154,-0.107034062,0.398938414,chang7,3
宁148,1715.475,1721.4248,38.72041897,2.900071032,114.9027766,42.54315158,44.38673012,48.05218786,46.11135226,44.0298131,224.5701291,12.35704087,2.573778586,-0.065417469,0.324513883,chang7,2
宁148,1721.4248,1725.5327,41.61858368,3.057088845,136.3690477,27.24473493,28.23153866,29.85885082,29.40874728,28.23188226,222.9158756,13.65932364,2.640500602,-0.112052444,0.431845241,chang7,3
宁148,1725.5327,1726.5482,44.48360274,3.129187769,170.9929437,19.94712342,20.57994991,21.10678991,20.78624556,19.87689887,231.8765445,17.44544432,2.658404456,-0.201986028,0.604964707,chang7,1
宁148,1726.5482,1727.5658,45.02023739,2.940866656,142.6985762,22.5373692,22.80919753,23.6825161,22.81563907,21.96924676,219.7437592,14.02477773,2.644359986,-0.120320448,0.46349288,chang7,3
宁148,1727.5658,1729.3279,44.17041931,3.220147308,218.9608053,23.05029666,28.73723946,32.98908615,29.33511454,29.4147349,247.728894,20.64559987,2.580819988,-0.219776896,0.844804023,chang7,1
宁148,1729.3279,1732.9823,41.33211136,2.889438653,152.072126,31.80199159,45.28729671,47.01509546,46.87874095,43.78501228,221.8626511,13.4168666,2.56314098,-0.14119513,0.510360635,chang7,3
宁148,1732.9823,1739.6002,42.85332885,2.877074635,249.4423724,27.71720572,30.46290341,32.06246249,30.40863076,28.50864206,250.5219128,19.60161119,2.524687224,-0.243980966,0.997211859,chang7,1
宁148,1739.6002,1746.0612,41.39245562,3.501463193,193.4960249,30.74604344,33.0049179,34.577425,34.14329399,32.06659133,262.0550762,27.6972264,2.586832258,-0.15080099,0.717480123,chang7,3
宁148,1746.0612,1759.1932,38.88324486,3.865925661,506.5697509,92.39678583,126.9470864,184.7805952,178.9647852,155.7419227,337.9686518,44.50628322,2.196074524,-0.193676835,2.282848751,chang7,6
宁148,1759.1932,1760.7516,41.70473069,2.968217685,153.9659306,63.76992343,98.71835782,139.2234638,120.8891013,112.6995292,235.5123937,15.97238467,2.569286145,-0.163137955,0.519829654,chang7,3
宁148,1760.7516,1762.9525,40.82291412,2.594285275,202.5137273,16.07811627,18.3354651,19.16668262,19.68080051,18.32923939,279.8424145,24.43168429,2.469437386,-0.262317737,0.762568631,chang7,5
宁196,1584.6907,1590.3966,72.22253597,3.315881648,123.5249348,22.1681646,22.43911552,22.99779328,23.61597686,25.65743877,226.640935,20.84433077,2.65286647,-0.023764927,0.367624675,chang7,3
宁196,1590.399,1591.087,73.3605739,3.328500339,153.7973437,12.50328527,14.53996631,15.48704829,15.68238122,17.1124927,259.4944654,27.92167882,2.622266122,-0.121785087,0.518986715,chang7,1
宁196,1591.087,1591.8766,73.14971052,3.548511437,144.8397064,14.92601408,16.1590459,16.73535497,17.14434011,18.60997581,259.3702763,28.02622495,2.6168171,-0.087676757,0.474198533,chang7,3
宁196,1591.8766,1593.3267,73.21893604,3.497369528,178.5416847,18.72191106,19.09594668,19.51609054,19.88425504,21.55602191,271.5268367,31.95878322,2.582380735,-0.143032384,0.642708428,chang7,1
宁196,1593.3267,1606.873,72.44594756,3.299669135,130.6747617,25.98253297,22.84645082,21.88796447,22.75753367,24.06278262,229.0960251,21.43268342,2.640873642,-0.042993876,0.403373809,chang7,3
宁196,1606.873,1616.6095,54.4030868,2.862537303,87.56954637,10.23630463,10.18754442,10.08114401,10.24587866,10.48990972,229.0436488,17.62791545,2.53542505,0.002395036,0.187847732,chang7,2
宁196,1616.6095,1620.2924,70.26672414,3.095378987,133.0542816,15.55581334,16.23663613,16.70781981,17.66742992,19.16742611,236.3413656,22.88209902,2.624470687,-0.053765034,0.415271407,chang7,3
宁196,1620.2924,1624.6111,68.98206817,3.074743589,108.4307817,13.33661652,14.27361351,14.67687678,15.68197873,16.91360113,229.4411108,19.9221219,2.58865275,-0.005439421,0.292153909,chang7,3
宁196,1624.6111,1626.1344,67.58832726,2.949899343,95.10278731,7.524415456,9.209778639,9.472912642,10.12358189,10.59957702,233.7018468,19.48629966,2.525531769,-4.60E-06,0.225513939,chang7,2
宁196,1626.1344,1628.167,70.46241491,3.1322078,124.7635372,16.18849418,16.76381582,16.57871678,17.18451926,17.74512083,233.8075795,21.67211959,2.606399368,-0.035677833,0.373817682,chang7,3
宁196,1628.167,1634.0932,62.58910386,3.000014469,96.73976032,20.91694598,17.94482315,16.01461504,15.76800489,15.97114748,223.8552291,18.16479172,2.559192583,0.003198374,0.233698801,chang7,2
宁196,1634.0932,1638.1145,70.94284636,3.407662507,150.5749865,26.3741586,22.97467428,20.7816408,21.35824964,22.06673741,244.0002478,24.52065589,2.62164061,-0.107125229,0.502874931,chang7,3
宁196,1638.1145,1645.7766,52.61205169,2.922391334,96.11851415,11.86042939,10.7503519,10.26390931,10.44172734,10.58465205,229.2164149,17.56306959,2.547966088,-0.012359059,0.23059257,chang7,2
宁196,1645.7766,1653.5657,69.28949296,3.349681184,129.3701498,29.36654527,23.26053986,22.05113063,22.78965054,24.00697893,229.8314434,20.64429391,2.634563147,-0.051721075,0.396850749,chang7,3
宁196,1653.5657,1657.0794,58.5152259,2.918819156,88.32927388,17.12161686,16.29247314,16.18083171,16.6844589,17.67080688,228.1079833,16.99980834,2.528050686,-0.002994595,0.191646369,chang7,2
宁196,1657.0794,1660.5083,70.41447381,3.272216882,132.2326535,24.68315431,24.44569329,24.23879651,25.07288565,27.05374343,229.6731393,21.16808299,2.643624919,-0.048243347,0.411163267,chang7,3
宁196,1660.5083,1665.4523,72.01819145,3.430148154,193.4856631,36.96770831,30.71385519,29.27576842,30.50804999,32.52964848,272.2474682,31.17142128,2.541178104,-0.155438951,0.717428316,chang7,1
宁196,1665.4523,1666.9006,71.28257282,3.303409375,145.2140204,38.84536743,34.94861075,30.50600697,33.2955089,36.75635895,248.2717168,28.62895892,2.593835574,-0.045177808,0.476070106,chang7,3
宁196,1666.9006,1667.9166,71.34021929,3.321739727,245.2965308,89.34417513,68.95766025,58.67486233,66.12206523,74.16053687,302.820716,41.06371562,2.39593588,-0.138380064,0.976482656,chang7,1
宁196,1667.9166,1669.2706,71.65406799,3.548301717,246.6236153,154.1809756,93.21049563,97.36500613,101.5014064,106.64221,280.7629636,35.79744927,2.45415769,-0.136497333,0.983118072,chang7,3
宁196,1669.2706,1670.331,71.88396539,3.328333351,212.8080377,63.7617268,50.31409963,51.4973242,52.2952635,62.92815145,253.5508202,28.73398717,2.525310516,-0.15900295,0.814040197,chang7,1
宁196,1670.331,1680.7438,69.01926731,3.353936967,137.1204424,31.66160559,28.10194313,27.12055958,28.31898705,30.33687255,238.0026944,26.57069599,2.621922348,-0.029079818,0.435602212,chang7,3
宁196,1680.7438,1688.8287,70.70605087,3.223890276,328.0972322,175.21523,131.0784766,124.4006293,116.9769839,123.8926727,322.9958029,42.41075102,2.264499704,-0.180602954,1.390486163,chang7,6
宁199,1411.8896,1416.8096,53.23673382,2.570590824,72.53211985,49.58557444,36.92661929,34.12481022,35.0238028,36.00588617,230.7065472,18.19848042,2.500333977,0.028582618,0.112660599,chang7,4
宁199,1416.8096,1420.991,52.06053678,2.7910638,90.84157989,38.23648183,29.86268217,28.28692178,29.13860545,30.19879106,238.0893191,21.56845306,2.523416673,0.018481504,0.2042079,chang7,2
宁199,1420.991,1421.415,51.73487568,2.825213432,108.6453094,42.03260803,27.3961215,24.53936577,25.88934231,27.3915391,238.8963203,24.661695,2.56380254,-0.025864653,0.293226555,chang7,3
宁199,1421.415,1426.6216,52.17219038,2.870298596,88.06588,34.90115365,28.69652455,27.55721687,28.07160888,28.62899213,231.1431274,20.61337311,2.548593471,0.027916502,0.190329401,chang7,2
宁199,1426.6216,1428.9923,55.21669025,3.157529092,115.2973598,29.96073933,26.18354702,25.49719324,25.89513035,26.3972929,239.9519409,25.40275335,2.594375086,-0.039520469,0.326486804,chang7,3
宁199,1428.9923,1429.6269,54.44743284,3.248216311,157.3726018,32.35050901,27.31472651,26.39634482,27.08335622,27.97497972,266.8135986,29.21734397,2.565387845,-0.171781083,0.536863014,chang7,1
宁199,1429.6269,1431.6588,53.44545611,2.877631342,109.3116374,35.34557522,24.34780413,22.67957676,23.83013737,24.9885062,247.0952346,25.27000203,2.539687493,-0.044818932,0.296558183,chang7,3
宁199,1431.6588,1432.4631,53.43126188,3.121102435,168.8029142,52.99570029,34.40197427,31.9983199,33.79293415,35.47492463,281.3558132,34.00702885,2.512614523,-0.152341538,0.594014572,chang7,1
宁199,1432.4631,1441.2252,54.10947262,2.709562674,80.46255155,38.95758449,33.49236032,31.99227782,32.92555008,34.07128229,235.3991925,21.74097624,2.520079468,0.040492157,0.152312759,chang7,2
宁199,1441.2252,1444.7396,58.92030479,3.068460423,117.8679231,23.26691601,21.4091031,21.19144522,21.75795637,22.26779392,244.3790488,26.04431402,2.529921581,-0.052540359,0.339339615,chang7,3
宁199,1444.7396,1459.1749,54.40436965,2.871277659,86.92250469,23.55142459,19.79998197,19.31939262,19.87047545,20.58690536,233.4559291,21.44081114,2.564804572,0.034237006,0.184612523,chang7,2
宁199,1459.1749,1465.0592,59.03079502,3.001045605,114.0814714,27.00243845,22.17599082,21.5266692,22.29003757,23.22115056,241.0959886,24.47238314,2.584214807,-0.051545531,0.320407355,chang7,3
宁199,1465.0592,1466.0751,61.40751436,3.566050371,212.1978285,23.81448979,21.73936865,21.72326745,22.05022113,22.74072689,302.854499,37.97229237,2.443198946,-0.16478713,0.810989148,chang7,1
宁199,1466.0751,1485.8351,55.34791922,2.742054566,83.89819501,31.90110363,27.21111098,26.74017747,27.51063089,28.70511249,229.9951134,19.59325889,2.548218055,0.022785919,0.169490975,chang7,2
宁199,1485.8351,1489.0657,55.29776298,3.100167354,111.1488987,34.31082076,27.5112417,26.26468503,27.16142442,28.12270991,232.9790734,23.67307041,2.622048016,-0.029570315,0.305744495,chang7,3
宁199,1489.0657,1490.0182,56.73152712,3.194599681,165.1858148,60.50033103,39.63051139,35.88165622,38.32293765,40.68311013,277.7390967,34.55781746,2.512517081,-0.143725344,0.575929069,chang7,1
宁199,1490.0182,1491.9232,58.11269808,3.174604282,134.3820891,57.07444024,43.32600117,42.71037364,44.4069097,47.69712591,265.0974016,32.34574461,2.537718713,-0.085316489,0.421910444,chang7,3
宁199,1491.9232,1492.9823,59.3093444,2.886353652,167.4402127,28.97986126,36.30025122,42.22746001,45.01984935,50.15720177,290.2605998,37.75163142,2.46421806,-0.144078222,0.587201065,chang7,1
宁199,1492.9823,1495.2057,61.67193945,3.094506364,101.3085387,50.70254366,41.27246525,42.03670803,44.9891764,49.30997106,239.5485045,25.6860736,2.553678764,0.027205109,0.256542694,chang7,2
宁199,1495.2057,1499.8098,63.77666333,3.16641231,129.9717239,39.37373232,34.8708873,34.22149749,35.72530721,37.99702885,260.4096993,32.74220191,2.556200636,-0.058128047,0.399858618,chang7,3
宁199,1499.8098,1511.6077,64.32036297,3.382848509,347.5186705,340.3105483,236.3454097,247.9768553,260.2784942,301.1259595,349.1670046,49.92635121,2.128885638,-0.163970534,1.487593352,chang7,6
宁199,1511.6077,1513.8302,61.59814955,2.86055846,158.6204143,47.10509461,41.706578,41.92796798,43.9683854,47.60609687,285.3361407,30.39453577,2.4020225,-0.212942413,0.543102081,chang7,5
宁228,1665.0672,1666.108,74.86956702,3.008257442,112.1734399,18.302598,19.23859416,20.17459043,21.15602133,22.13745107,232.9558834,20.48814795,2.595387909,-0.027227726,0.310867204,chang7,3
宁228,1666.108,1666.8714,74.47353472,3.080005918,98.41940635,25.44728252,26.58029148,27.7133007,28.89264406,30.07198633,226.2681471,17.98992593,2.584448917,-0.004277979,0.242097031,chang7,2
宁228,1666.8714,1669.832,73.82435333,3.250633297,129.4527881,25.22873428,25.69585907,26.1629837,26.61042908,27.05787407,225.4962677,20.75302147,2.63179636,-0.060570845,0.397263938,chang7,3
宁228,1669.832,1671.824,68.81471971,2.756070922,95.33346558,34.8098765,35.46560703,36.12133654,36.75103333,37.3807308,226.6518797,17.08311406,2.499475577,-0.011203686,0.22666733,chang7,4
宁228,1671.8405,1674.9307,69.18724353,2.932388526,108.8132089,29.62888402,29.96879834,30.30871281,30.60464683,30.90058041,227.5913039,17.08212405,2.573428301,-0.041518954,0.294066047,chang7,2
宁228,1674.9478,1675.7606,69.888587,3.153860241,198.7814159,25.55066919,25.89769673,26.2447238,26.55921459,26.87370491,265.3703365,25.37254643,2.501624346,-0.211096302,0.743907079,chang7,1
宁228,1675.7606,1676.7741,68.54822879,2.8168118,113.7461294,32.29819637,32.66654968,33.03490278,33.35509512,33.67528619,237.9509277,19.43851937,2.504038758,-0.07011998,0.318730649,chang7,4
宁228,1676.7741,1677.3761,68.33605576,3.209484816,169.5719147,27.52842077,27.94674651,28.36507225,28.75278791,29.14050293,248.7289658,23.20936139,2.542728464,-0.187082571,0.597859576,chang7,1
宁228,1677.3761,1678.0633,68.8169721,3.273746967,138.0547969,27.45828883,28.38524119,29.3121961,30.25958379,31.20697244,236.6200384,21.10193729,2.610138973,-0.109319061,0.44027398,chang7,3
宁228,1678.0633,1678.8254,69.28598349,3.230552673,157.9218183,18.68665613,19.9976526,21.30864961,22.70157078,24.0944925,250.6295973,22.6700543,2.573579277,-0.19190076,0.539609083,chang7,1
宁228,1678.8254,1679.7238,68.83346367,3.015454084,114.2336226,26.87787485,27.75835395,28.63883233,29.53662753,30.43442321,236.4156952,17.93866754,2.53023383,-0.080354067,0.321168115,chang7,2
宁228,1679.7238,1681.5724,69.20224714,3.183847234,147.4652634,28.99451494,29.78269076,30.57086718,31.36155915,32.15224922,237.8804245,21.63866603,2.566281155,-0.126190409,0.487326313,chang7,1
宁228,1681.5724,1682.4204,70.34136963,3.012422889,113.3997841,27.92211199,28.63534665,29.34858108,30.05965853,30.77073503,223.0458355,17.26332879,2.546518862,-0.040927229,0.316998925,chang7,3
宁228,1682.4204,1693.8345,70.02262563,2.889073452,101.0495118,30.05533424,30.78506146,31.51478906,32.23839519,32.96200124,226.2731791,15.59836059,2.527679829,-0.040179052,0.255247559,chang7,2
宁228,1693.8345,1695.9085,76.95397907,3.327618361,136.877435,22.05091572,22.35562759,22.66033893,22.93749226,23.21464528,228.1244524,19.89487171,2.630431215,-0.097152618,0.434387176,chang7,3
宁228,1695.9085,1698.4056,78.93770018,3.066451731,217.5014005,15.27509203,16.1530798,17.0310673,17.95665587,18.88224425,263.4392613,24.80365817,2.484000558,-0.209128417,0.837507007,chang7,1
宁228,1698.4056,1706.3414,69.23673356,2.937512558,95.68522978,34.91733804,35.59243977,36.2675418,36.91826561,37.5689891,217.7570565,13.99519615,2.547206845,-0.008700459,0.228426148,chang7,2
宁228,1706.3414,1707.6538,73.25155917,3.062246214,122.772893,23.528759,23.98737439,24.44598961,24.88854807,25.33110636,229.3141674,17.59665871,2.602158351,-0.0730552,0.363864462,chang7,3
宁228,1707.6538,1709.7277,72.48580297,2.888290074,106.5404871,26.93343555,27.37239149,27.81134701,28.22332011,28.63529301,231.234592,17.09690597,2.526995778,-0.024272697,0.282702435,chang7,2
宁228,1709.7277,1710.617,72.97003937,3.095332295,124.5709496,25.30486178,25.97314835,26.64143443,27.3099556,27.97847819,224.0743065,17.96839738,2.604551196,-0.062823878,0.372854747,chang7,3
宁228,1710.617,1711.5482,72.86682224,2.989012629,107.74541,26.60181236,27.80895042,29.01608849,30.27393317,31.53178,224.5337849,16.92192495,2.572064131,-0.009678558,0.288727045,chang7,2
宁228,1711.5482,1715.5714,72.27353761,3.215228745,125.2513134,24.32783907,24.76738358,25.20692733,25.62640427,26.04588139,223.7192202,18.59482661,2.609148343,-0.065514124,0.376256569,chang7,3
宁228,1715.5714,1718.2814,70.78104732,3.005850263,113.3742998,26.03853309,26.55898044,27.07942797,27.58339675,28.08736586,226.7231147,17.25202859,2.564748495,-0.051775437,0.3168715,chang7,2
宁228,1718.2814,1720.7992,70.7284386,2.840920289,104.0776578,27.72334971,28.05485898,28.38636807,28.67807043,28.96977334,228.3470597,14.83991423,2.513523476,-0.032435369,0.270388288,chang7,2
宁228,1720.7992,1724.6304,68.24803615,2.727589801,93.46297026,32.09187829,32.55530304,33.01872742,33.44404107,33.86935395,230.592207,15.10684946,2.486194275,-0.014622668,0.217314851,chang7,4
宁228,1724.6304,1725.4827,67.64059734,2.749628365,110.3460922,26.93949342,28.35390615,29.76831841,31.25327706,32.7382369,232.4683838,17.0373199,2.548418194,-0.051748556,0.301730461,chang7,3
宁228,1725.4827,1728.2766,66.61112578,2.877652863,92.08267411,31.57742069,33.17384413,34.77026823,36.44323449,38.11620123,226.778388,16.50864315,2.519529954,0.011785336,0.21041337,chang7,2
宁228,1728.2766,1729.1586,67.98684406,3.090366662,113.7035999,25.27963424,26.03836036,26.79708695,27.56515932,28.33323169,233.830143,19.38465452,2.549509466,-0.037175975,0.318518002,chang7,3
宁228,1729.1586,1730.1827,67.36924998,2.762376361,89.79572042,34.09048886,35.13286654,36.17524486,37.23214722,38.28904767,228.3353695,17.53579076,2.475685173,0.019592602,0.198978605,chang7,4
宁228,1730.1827,1732.7569,68.46929897,3.084822991,124.884749,21.3615075,21.92543732,22.48936696,23.05347417,23.61758085,225.000387,18.42438251,2.607538364,-0.067098747,0.374423748,chang7,3
宁228,1732.7569,1734.2393,69.00665342,3.097684127,132.4608043,23.32274598,23.6222006,23.92165595,24.18967966,24.4577041,224.6085827,18.45624894,2.623260571,-0.089068148,0.412304021,chang7,3
宁228,1734.2393,1735.0013,67.90871102,3.128715209,107.1649857,26.9242878,27.22603771,27.52778816,27.78885978,28.04993139,217.4728437,15.76359258,2.590245928,-0.027397508,0.285824923,chang7,2
宁228,1735.0013,1736.4047,65.98747508,3.255953411,119.9135056,26.61967134,26.92496554,27.23026005,27.49603113,27.76180236,218.458552,17.09134952,2.626513501,-0.049213597,0.349567528,chang7,3
宁228,1736.4047,1737.1244,63.69348962,3.163083383,102.1579982,30.51996912,30.87772587,31.23548317,31.54869843,31.86191423,210.4531839,13.22581945,2.598888942,-0.025647873,0.260789986,chang7,2
宁228,1737.1244,1739.3235,62.90092027,3.272985521,147.9615599,23.54924583,24.08585418,24.62246272,25.15075965,25.67905657,231.5066263,20.41667476,2.608497745,-0.118294456,0.4898078,chang7,3
宁228,1739.3235,1740.9917,60.2474308,3.398592455,153.6791654,18.87822996,19.45929296,20.0403565,20.62984657,21.21933651,235.0046027,21.62802274,2.61452009,-0.140341207,0.518395824,chang7,3
宁228,1740.9917,1742.8246,56.37177849,2.922260195,203.0048971,25.71841514,26.03601491,26.35361516,26.63529551,26.91697466,233.4176722,20.01011384,2.509470746,-0.173391081,0.765024491,chang7,2
宁228,1742.8246,1749.235,57.73267863,3.282571499,150.4432147,26.81336289,27.73335336,28.65334346,29.59477076,30.53619814,234.8953643,22.47482171,2.610509313,-0.130942815,0.502216074,chang7,3
宁228,1749.235,1751.4547,50.45174428,3.110682274,217.4455542,35.67052098,36.94468388,38.21884577,39.5265531,40.83426014,259.8823676,26.98653211,2.44425411,-0.189067961,0.837227781,chang7,1
宁228,1751.4547,1752.6416,45.64457664,2.860257149,293.8082275,52.07264252,53.06453629,54.05642548,55.01047478,55.96452255,275.7917511,29.0947504,2.30034256,-0.171617998,1.219041145,chang7,2
宁228,1752.6416,1758.6605,47.09003044,3.843083931,530.6092131,39.45140107,45.17952705,50.90765233,57.10476984,63.30188786,341.5083026,43.65552338,2.140539751,-0.210229097,2.403046068,chang7,6
宁228,1758.6605,1759.2702,48.13557943,2.903676351,268.79879,38.8410155,55.56004333,72.27906418,90.56777827,108.8564987,270.6059825,33.72396564,2.275526365,-0.148403041,1.093993952,chang7,2
宁228,1759.2702,1764.7199,49.72414712,3.658470853,422.984038,38.63625836,47.50733888,56.37841865,66.03492974,75.69144126,320.9824124,38.71674669,2.195988523,-0.210523286,1.864920198,chang7,6
宁228,1764.7199,1766.0559,60.24947389,3.166545173,130.6673482,47.7949961,49.40052446,51.00605567,52.64635754,54.28666274,227.9072393,17.74901374,2.48695002,-0.091360833,0.403336736,chang7,2
宁228,1766.0559,1768.4698,72.36717415,2.705773437,191.0596878,17.32642698,18.10110922,18.87579093,19.68234491,20.48889914,273.8618797,25.44396925,2.412422287,-0.212465355,0.705298433,chang7,5
宁91,1468.869,1471.1974,34.0771904,2.955599999,110.7311607,32.49482479,36.51109991,37.55251513,37.53480501,36.65184517,228.1514053,14.71009498,2.569165003,-0.038679535,0.303655805,chang7,2
宁91,1471.1974,1473.4003,35.50141023,3.256826313,139.0808262,26.28365788,26.93838923,27.17769994,26.67181577,25.49753149,232.5290335,16.55994204,2.644447377,-0.143369574,0.445404134,chang7,3
宁91,1473.4003,1480.2142,34.82127898,2.965657141,108.447173,32.52815189,34.55486413,35.3957465,35.42401586,34.97561778,224.2203841,13.82409997,2.59428571,-0.030381487,0.292235866,chang7,2
宁91,1480.2142,1481.2302,34.48961894,3.038499965,126.4874463,28.84991095,29.17653359,29.70048883,29.85254436,29.6351223,226.250512,15.45042239,2.633677748,-0.096288136,0.382437229,chang7,3
宁91,1481.2302,1483.0928,33.80882549,2.951700002,111.9711499,32.01965594,33.43891275,34.48944938,34.83450007,34.37013757,224.2042685,13.61363119,2.598450005,-0.040955671,0.309855752,chang7,2
宁91,1483.0928,1484.1517,34.16414558,3.164911111,133.8396666,27.3136442,28.92971124,29.85283322,30.40600014,29.49749989,227.7514988,15.56303289,2.642511103,-0.129220046,0.419198334,chang7,3
宁91,1484.1517,1485.676,33.64484699,2.926546133,100.1911075,38.45946899,41.01173063,41.83277658,42.83330741,41.11232288,221.161823,11.86640761,2.567876907,-0.03668275,0.250955537,chang7,4
宁91,1485.676,1490.3326,36.24824002,3.302326315,133.2932207,21.85135267,23.44879477,24.44649207,25.57524997,25.58638159,228.9109369,16.62644723,2.642605273,-0.115895268,0.416466104,chang7,3
宁91,1490.3326,1493.7615,36.43146297,3.395971426,111.2406782,27.94592871,29.1724284,29.40158919,30.07022517,29.50098944,219.5816574,15.09323563,2.642278561,-0.01321434,0.306203389,chang7,2
宁91,1493.7615,1494.8188,36.37443542,3.43274445,147.4735879,22.46670024,23.17639987,23.43583361,23.25226635,22.87227779,252.8586561,21.04654439,2.609388908,-0.176413642,0.487367941,chang7,1
宁91,1494.8188,1500.1527,35.34063755,3.245900002,127.0028524,29.16399769,29.5984703,30.29955231,30.81195671,30.91602945,225.1089571,15.57274081,2.637549991,-0.092323965,0.385014263,chang7,3
宁91,1500.1527,1500.8725,35.98537118,3.478214298,166.7778582,28.6589429,29.24611419,30.51442855,31.28242847,31.84687097,258.1102099,23.49764279,2.582671438,-0.21009988,0.583889289,chang7,1
宁91,1500.8725,1502.4388,38.07567814,3.232428551,138.0293857,26.32516398,27.26757826,28.50374276,29.41995008,29.93796444,236.6058916,18.17334958,2.630199977,-0.13665412,0.440146927,chang7,3
宁91,1502.4388,1504.6823,37.50784141,2.893663143,110.614569,26.53857382,29.3072314,29.94156827,31.49595783,31.37107909,228.3169371,13.96943168,2.604284199,-0.055959457,0.303072843,chang7,2
宁91,1504.6823,1505.4441,37.79007176,3.281914268,161.3435582,20.65581403,23.0334143,23.09835734,23.81605721,23.28984315,252.5672825,23.64241464,2.605671406,-0.178772694,0.556717792,chang7,1
宁91,1505.4441,1519.7948,40.26011039,3.449971555,128.2585274,16.47024143,17.16744568,17.39468368,17.60585686,17.26821636,242.7297976,19.71712917,2.625849124,-0.096498892,0.391292637,chang7,3
宁91,1519.7948,1521.446,38.58906446,3.464914288,168.7859072,22.52761432,23.90280015,23.92522131,24.40138572,24.18826403,249.9047906,21.22940717,2.590178575,-0.214917194,0.593929529,chang7,1
宁91,1521.446,1523.86,37.91300507,3.06057502,125.6240761,19.43842001,20.48502989,20.84487486,21.31817007,21.24967489,232.6589813,15.77020011,2.58686502,-0.059429367,0.378120379,chang7,2
宁91,1523.86,1524.2399,36.60462189,2.980250001,144.5256233,16.27735043,17.07602453,17.04082489,16.98140001,16.86870003,247.8487473,19.28495026,2.561200023,-0.103513887,0.472628109,chang7,3
宁91,1524.3246,1526.8223,33.01033892,2.983361914,102.7822382,24.46191433,26.07829521,26.54607628,26.72928556,25.57498078,226.3547371,14.46626645,2.544452395,-0.021070779,0.263911191,chang7,2
宁91,1526.8223,1527.5843,30.76657104,3.188857113,122.3972713,20.7712574,21.21335711,21.93814278,23.04024288,22.91315705,237.7210148,16.09147126,2.593614272,-0.062185253,0.361986352,chang7,3
宁91,1527.5843,1532.4939,27.27481575,2.882062501,87.18618793,29.87496262,31.85084968,32.66217217,33.35733242,32.75526991,243.7372173,16.99531991,2.478724998,-0.015462736,0.18593094,chang7,4
宁91,1532.4939,1533.2136,27.07818604,3.20922855,128.7814723,45.11128562,45.57921382,46.30125754,46.30335781,44.21124268,226.066428,14.80508586,2.574114255,-0.061554203,0.393907364,chang7,3
宁91,1533.2136,1534.3998,27.81595001,3.216200018,104.3050804,48.83347015,49.24729958,50.46977959,52.02496071,50.05126991,213.9253479,13.18673,2.590249991,-0.00609984,0.271525402,chang7,2
宁91,1534.3998,1535.7127,28.60249329,3.307891647,131.6716728,34.23001671,35.99255021,37.38813337,39.28105831,38.44592476,219.9105415,14.85494161,2.615924994,-0.054117149,0.408358368,chang7,3
宁91,1535.7127,1536.6863,29.84696621,3.468366649,177.9958852,30.86437755,36.07734426,36.30254449,38.87462192,39.63887787,241.1008792,20.1866222,2.583677795,-0.18691041,0.639979429,chang7,1
宁91,1536.6863,1538.887,30.53508237,3.371473701,149.3179161,25.06487876,29.26353184,29.75280521,31.99279484,32.88243153,230.562916,18.6114264,2.60152104,-0.082526474,0.496589578,chang7,3
宁91,1538.887,1539.7753,30.06748581,3.535424978,223.5944767,41.61114931,50.05442524,53.91047525,57.73898745,56.08277464,262.1274681,26.71648717,2.498299986,-0.183715389,0.867972381,chang7,1
宁91,1539.7753,1541.3423,29.99349213,3.338800005,185.2913938,51.23238536,54.62120628,56.0881067,56.90801484,53.75275721,254.6593334,22.65314279,2.505285757,-0.187131353,0.676456967,chang7,3
宁91,1541.3423,1542.8663,29.63799814,3.257876928,218.1509247,64.22139887,63.4349688,64.82073036,66.35263003,62.96052317,271.0124183,24.05284603,2.460230772,-0.243407649,0.840754628,chang7,1
宁91,1542.8663,1553.9577,33.61496582,3.150638896,155.4040648,32.79873231,35.15444539,35.6900099,36.91679338,35.87675351,231.3817557,16.98322884,2.592901105,-0.120325634,0.527020327,chang7,3
宁91,1553.9577,1554.6347,35.26551819,2.891149998,137.0543009,44.50086657,44.03898303,43.44036674,44.10978317,41.30676651,236.6001663,17.82633336,2.509366632,-0.071896563,0.435271511,chang7,2
宁91,1554.6347,1556.2,35.12532697,3.346150007,206.5651278,27.42801435,25.97032819,25.41423552,25.32310023,24.86787864,240.7175849,19.85067122,2.588142872,-0.213824406,0.782825645,chang7,1
宁91,1556.2,1558.9946,34.9860475,3.295873922,180.4539616,20.58344791,20.33707378,20.33202163,20.87051723,20.36339569,234.1328138,19.07530884,2.635608683,-0.181259438,0.652269812,chang7,3
宁91,1558.9946,1562.3824,32.28748485,2.89808929,227.8811259,23.99394287,24.92899649,25.90649646,27.87567507,28.24482155,235.8554671,18.18104294,2.54600358,-0.224807059,0.889405638,chang7,1
宁91,1562.3824,1582.1737,14.71101111,3.473886163,411.7962732,49.4936114,58.98970118,65.27507886,76.49767637,73.31918557,289.5610541,32.24313588,2.308374838,-0.206291041,1.808981365,chang7,6
庄233,1717.6561,1721.6356,76.02319428,3.404439016,101.7326084,44.10973769,43.67132857,40.40222931,40.27087634,41.97268185,222.0404973,15.44936108,2.559828426,0.001208881,0.258663041,chang7,2
庄233,1721.6356,1723.8801,77.98823186,3.553090096,140.1168972,40.79703893,42.51982779,39.7007897,39.32742962,40.72369726,231.687814,20.9842459,2.571347074,-0.081546733,0.450584485,chang7,3
庄233,1723.8801,1725.0654,76.39215622,3.834355259,187.5869781,21.9808979,23.76161232,23.03527222,23.11928024,25.21560059,266.944458,31.77621536,2.552680683,-0.146738154,0.687934881,chang7,1
庄233,1725.0654,1730.483,73.29168285,3.210090231,99.30558447,50.79535952,46.39922766,42.52873837,42.46404674,44.64982388,225.2506912,15.22261021,2.553186628,-0.025525783,0.246527922,chang7,2
庄233,1730.483,1732.0926,75.32471848,3.368890711,135.7527597,24.06858131,24.28855569,22.79777615,22.21554974,23.22144011,236.0865653,21.58955193,2.599053042,-0.080895885,0.428763798,chang7,1
庄233,1732.0926,1744.2844,70.68461555,3.240575622,104.2383203,38.10075652,38.32941258,36.61134381,36.42727811,38.33048354,222.0183597,14.86673572,2.569165981,-0.024039202,0.271191602,chang7,2
庄233,1744.2844,1746.7818,81.10540626,3.653274343,135.9517917,36.01814261,36.59095328,34.26650465,33.93742961,36.21451451,224.9450298,19.48100385,2.613048395,-0.080725565,0.429758957,chang7,3
庄233,1746.7818,1754.147,82.42477709,3.226763169,192.0111984,16.55384068,17.46836209,17.12362359,16.84839718,17.14219642,240.2862679,20.3836784,2.556488848,-0.210701838,0.710055993,chang7,1
庄233,1754.147,1755.2898,79.74461746,3.29310348,132.8321938,27.18207788,29.56071787,28.24002991,27.9232687,29.18062849,228.6649109,19.73717442,2.60747745,-0.072697677,0.41416097,chang7,3
庄233,1755.2898,1756.222,77.8790369,3.609959126,96.80017853,85.48316383,76.95688438,69.56195688,66.3343749,65.81065464,208.2636909,12.88511741,2.603838444,0.005796742,0.23400089,chang7,4
庄233,1756.222,1758.5084,75.64480872,3.109974911,123.5800155,38.36035066,39.84124023,37.98045811,37.98327516,41.522686,231.3351095,19.27014702,2.60681776,-0.056284024,0.367900077,chang7,3
庄233,1758.5084,1773.4935,69.07374176,2.953653619,95.85170828,60.2059196,62.96358323,61.99623874,63.74269949,69.16879638,227.6833746,15.10786447,2.51636541,-0.02377729,0.229258542,chang7,2
庄233,1773.5361,1775.568,73.81836117,3.166508871,117.5334594,37.05692134,37.92894453,38.16140882,39.17867997,42.17754835,230.7264054,17.71400424,2.593383957,-0.149994035,0.337667295,chang7,1
庄233,1775.568,1776.6692,76.00436249,2.945870733,85.40629425,60.97722321,60.3128006,55.18857574,54.83035507,57.63889809,220.0953491,14.11270609,2.549113131,0.000416461,0.177031471,chang7,2
庄233,1776.6692,1780.8181,77.7485365,3.45694854,128.4551748,42.7091065,38.03171287,35.06425981,34.89934332,36.51308469,231.5325977,18.94033037,2.58889246,-0.063854785,0.392275872,chang7,3
庄233,1780.8596,1781.4939,77.46492386,3.737600724,115.6185341,43.85238552,48.28360939,45.65721734,45.07870388,47.68708897,221.3710378,14.7501146,2.591642976,-0.064440325,0.328092672,chang7,2
庄233,1781.4939,1786.3923,81.00829468,3.443220639,147.6096338,30.45303435,29.75855751,27.70724888,27.37231193,28.03364353,242.0477287,23.78904152,2.640313047,-0.070248077,0.488048171,chang7,3
庄233,1786.3923,1788.0323,80.73300062,3.821396691,297.3243899,42.87462425,45.13696057,39.45127433,38.53060995,40.8957871,298.0564052,36.37759903,2.474836111,-0.179481781,1.23662195,chang7,1
庄233,1788.0323,1790.2075,79.16857529,3.431938158,236.054217,43.27584224,45.38088491,42.18505446,41.8080759,42.33000077,258.7234353,25.72324657,2.517750157,-0.081435795,0.930271079,chang7,3
庄233,1790.2075,1794.5475,76.36248546,3.381027897,277.0203145,26.23143101,27.78525649,27.62220515,28.85056141,31.92818228,262.8991407,27.71456809,2.455904643,-0.136807808,1.135101568,chang7,1
庄233,1794.5475,1799.1512,71.64144737,4.145723876,436.8974216,64.02663376,67.25921546,65.97609916,69.02532186,75.56327147,298.7058909,40.88765104,2.347429652,-0.136353533,1.934487104,chang7,6
庄233,1799.1512,1802.5978,69.02021263,3.612206426,210.8676721,129.3103511,124.6645724,101.3283117,102.9701507,111.7122561,253.2711166,25.30461029,2.416442115,0.025326402,0.804338357,chang7,2
庄233,1802.5978,1805.3416,69.18729367,3.574976341,308.6081331,33.02481104,42.1064347,44.39100498,45.57599615,53.93852101,288.863197,28.2842632,2.38620842,-0.166553831,1.293040659,chang7,6
庄233,1805.3416,1809.1684,67.19006777,3.319359399,186.0557091,72.04986989,73.12614077,66.36353648,67.58318537,77.06587613,240.7055078,21.61122116,2.501437798,-0.00342006,0.680278543,chang7,2
庄233,1809.1684,1810.5569,67.13064321,3.673747301,268.1162707,53.39164575,57.46228727,62.02253278,64.24745242,65.87421799,275.8741277,28.7093401,2.439230243,-0.144726244,1.090581353,chang7,1
庄233,1810.5908,1811.9792,66.07293955,3.594646653,174.3449109,72.90377363,88.31323942,95.91686948,100.8365698,104.4885235,233.1036072,18.02323699,2.520764291,-0.047412824,0.621724547,chang7,2
庄233,1811.9459,1815.2648,62.973232,3.391295007,227.7850974,48.46278606,62.41005135,67.26558931,69.57364423,79.04574694,270.7387254,26.54710252,2.451084256,-0.097641321,0.888925489,chang7,3
庄233,1815.2648,1816.0447,65.41690063,2.809735537,128.4548961,89.83616911,115.1928755,127.249855,133.8408094,138.4951248,240.6409738,20.58598845,2.456322772,0.019537942,0.392274473,chang7,2
庄233,1816.0447,1816.9972,69.15411377,3.385311921,221.8617181,40.74020004,56.23555035,65.41460334,68.92830743,70.74265586,267.3560994,27.44832929,2.465426471,-0.131615761,0.859308581,chang7,1
庄233,1816.9972,1819.0208,73.38391113,3.33625196,200.8803451,94.21355573,109.8833699,106.1325159,111.7157593,123.4279677,255.9041102,23.29661998,2.479407437,-0.102017063,0.754401722,chang7,2
庄233,1819.0475,1821.4558,76.7101326,3.647292292,221.8421112,63.42925682,75.05608864,79.90395317,82.00016804,99.20420094,271.5058403,26.54919224,2.441839755,-0.139144438,0.859210554,chang7,1
庄233,1821.4558,1822.6728,78.14354498,3.265195023,140.9078834,76.28529531,79.36515479,78.21441096,79.32772515,85.25255273,249.1266535,22.76695789,2.476520863,0.009300938,0.454539424,chang7,2
庄233,1822.6728,1824.6302,79.16431472,2.974274355,179.8628378,18.61329143,19.45031957,19.33805331,19.38788521,19.74742861,266.6584338,24.54196302,2.434494187,-0.083087128,0.64931419,chang7,5
悦68,1952.8182,1954.6173,58.38112564,2.840722179,90.40569407,58.2458786,45.94632492,46.3785998,51.77050832,49.06266098,225.1640411,14.69858665,2.581750059,-0.025002435,0.202028471,chang7,2
悦68,1954.6173,1955.7285,57.42556801,2.817244196,104.3605827,47.8232254,39.4363842,39.98701248,44.57154198,42.70755615,225.9432358,15.61458511,2.596250272,-0.096197193,0.271802913,chang7,3
悦68,1955.7285,1962.1313,56.76211621,2.704257121,84.04793666,77.63324246,54.5739424,56.19814374,62.61899515,60.01553455,225.9031754,12.79086177,2.540148909,-0.036967172,0.170239685,chang7,2
悦68,1962.1313,1963.1904,60.89021598,3.049053351,122.0805037,66.47158453,30.63898108,30.03770977,31.42196634,29.98670578,244.9146949,23.32271703,2.631632619,-0.12356172,0.360402516,chang7,1
悦68,1963.1904,1964.2479,61.81081857,3.006593174,96.44608222,52.77646404,37.39757199,38.28736051,41.00141483,40.53784116,228.5469496,15.90545739,2.601718479,-0.034995906,0.23223041,chang7,2
悦68,1964.2479,1964.935,61.56732368,3.206077298,120.1369578,37.45489629,27.06798999,27.3769083,30.40155538,29.21497663,234.1699524,19.4208765,2.60249416,-0.10480578,0.350684792,chang7,3
悦68,1964.935,1965.6238,61.41924722,3.015859195,103.5592194,50.95728956,37.39393779,38.23237964,41.39013454,40.62072536,231.0765817,16.80937862,2.600790841,-0.055973971,0.267796101,chang7,2
悦68,1965.6238,1967.6879,61.21715524,3.159761429,140.2520218,31.8836991,25.06078826,25.71630679,28.48874474,27.59691111,247.9449217,23.52306705,2.603005952,-0.174408757,0.45126011,chang7,1
悦68,1967.6879,1973.4565,56.20617651,2.690020272,82.99578143,68.35486343,50.19631921,52.64720612,58.79784207,57.84793793,229.1230371,15.06062128,2.518780115,-0.019237334,0.164978907,chang7,4
悦68,1973.4565,1975.3614,61.01858807,2.830028147,99.59920406,50.26695037,35.01983833,36.82827818,41.97365904,40.78258455,222.917697,17.84405643,2.599734962,-0.056665392,0.247996021,chang7,3
悦68,1975.3614,1976.4218,62.46320894,2.945980496,112.9981494,40.20784929,29.01343579,30.78505071,33.79317835,34.06149122,230.4243232,20.45424536,2.595220672,-0.082910531,0.314990749,chang7,1
悦68,1976.4218,1978.008,61.94119453,2.964280963,89.8774098,89.61346926,58.01465307,59.4190791,68.34200532,64.7020013,224.1340942,12.91292054,2.650890146,-0.039152467,0.199387047,chang7,2
悦68,1978.008,1980.1242,61.32094277,3.014702757,127.5945299,50.61504926,36.73956913,38.44250075,43.36412356,42.24122651,239.9888857,20.29610184,2.592656599,-0.163567834,0.387972649,chang7,1
悦68,1980.1242,1984.3832,61.42158999,2.895049252,92.16838466,84.0019953,63.98559232,64.81408375,72.62668413,72.16993604,224.3344587,14.67958919,2.584276949,-0.027714487,0.210841924,chang7,2
悦68,1984.3832,1985.6269,63.70757259,2.914928826,126.5048565,39.39195243,45.12765876,48.57593822,51.64875629,62.28602227,256.7331848,22.13454767,2.323713844,-0.180490821,0.382524282,chang7,5
悦68,1985.6269,1986.7913,62.42804337,3.097917962,123.867495,41.04613438,31.38753223,34.17175713,39.24063892,40.1564785,234.6989853,17.82895803,2.559333706,-0.159379299,0.369337475,chang7,1
悦68,1986.7913,1990.3518,59.70893899,2.866581358,93.36896804,79.88240643,59.8433073,57.00089955,63.32768473,60.87851215,224.7969266,14.42780955,2.584348901,-0.028114166,0.216844839,chang7,2
悦68,1990.3518,1991.167,59.0539422,3.103551865,113.766469,43.25814962,34.42414498,34.7298038,38.87801886,37.31365108,231.4427528,18.37395346,2.599442869,-0.104429591,0.318832342,chang7,3
悦68,1991.167,1992.6852,59.22634037,2.772775173,88.09922262,100.277656,65.16073961,67.11920459,76.14061268,72.42916753,227.6145771,15.55879608,2.542920846,-0.01814896,0.190496115,chang7,2
悦68,1992.6852,1996.9928,60.29504482,3.041404819,106.2463098,45.48962054,38.90290484,39.11929893,42.47014046,41.60558657,227.6715415,17.42688024,2.605862018,-0.093411373,0.281231546,chang7,3
悦68,1996.9928,1998.6595,60.35171836,2.763979162,87.34310041,90.56207493,61.39733723,61.14679119,72.58235414,68.8359672,226.3427985,15.23535149,2.539992213,-0.01402367,0.186715504,chang7,4
悦68,1998.6595,1999.4655,60.79874693,2.830970798,96.7978581,56.91291646,48.2751127,48.33241762,51.65710994,51.2854369,230.3852626,15.989898,2.53263075,-0.079252266,0.23398929,chang7,3
悦68,1999.4655,2002.3108,60.655358,2.778503031,90.36256472,66.88910675,48.77020709,47.81720988,54.34434795,52.19289382,228.0217921,15.43732993,2.567323059,-0.025512869,0.201812824,chang7,2
悦68,2002.3108,2004.057,59.94453634,3.050709502,111.0534927,49.79307976,33.54989967,34.40381292,39.63773181,38.38207397,232.6607686,18.91761017,2.614618715,-0.107677344,0.305267462,chang7,3
悦68,2004.057,2005.778,59.54138184,2.658012692,86.37980194,93.9359731,61.17892888,63.16469091,72.97361603,70.46767222,229.3143087,15.60613435,2.522283077,-0.019270717,0.181899009,chang7,4
悦68,2005.778,2007.8405,61.16174104,3.014083147,103.0297898,50.95645248,39.11375046,39.33541807,42.98480097,41.27568181,225.7582355,15.44085619,2.58448218,-0.041867971,0.265148951,chang7,2
悦68,2007.8405,2011.6239,60.3973449,3.268278291,153.7743877,47.53847931,37.0724231,37.45509748,40.53695996,39.45678209,265.29295,27.07230063,2.551071221,-0.192334075,0.518871941,chang7,1
悦68,2011.6239,2018.9528,53.95722752,2.973989216,98.17131869,59.19685005,44.3481801,44.98007266,50.05655152,48.86513774,225.8202138,16.2593393,2.585823158,-0.01629286,0.240856592,chang7,2
悦68,2018.9528,2020.5667,55.55082757,3.278050678,121.1373613,31.46662263,29.63469001,29.28851291,30.577278,29.83865656,234.6210632,20.39015579,2.614447185,-0.126701674,0.355686805,chang7,3
悦68,2020.5667,2023.5741,57.33863632,2.830416126,94.10427734,54.12721512,44.32693245,44.92546455,49.88712265,48.54771454,224.1535394,15.15154354,2.603144159,-0.027005351,0.220521386,chang7,2
悦68,2023.5741,2025.0303,60.84416023,3.285290315,123.0454213,32.53782507,29.82875266,29.5003087,31.68166747,30.72180337,232.6998831,20.08929898,2.611995642,-0.140259064,0.365227106,chang7,3
悦68,2025.0303,2032.2438,62.44254374,3.149430934,119.1933167,48.04336525,36.43014901,35.28878419,38.01246346,36.58460164,232.8464924,19.57682797,2.615949372,-0.132680282,0.345966585,chang7,3
悦68,2032.2438,2035.989,62.45783418,3.362363146,165.4315594,35.86750467,32.06880022,31.85539276,34.15199151,33.15647931,260.5595442,28.50190673,2.572354832,-0.175897632,0.577157801,chang7,3
悦68,2035.989,2038.4759,59.63474873,2.967916148,170.8017462,54.10034597,42.70372981,41.05173066,42.32290795,40.02670043,245.4497899,22.68453498,2.529138633,-0.085727734,0.604008729,chang7,3
悦68,2038.4759,2041.1876,53.63685077,3.484025986,336.1755882,31.36748637,26.46617649,27.23186692,29.38254414,29.06689072,281.3676818,32.57459408,2.424056644,-0.175074816,1.430877945,chang7,1
悦68,2041.1876,2041.981,52.17647443,2.97930898,184.7355761,30.02025114,24.80232865,26.82534654,28.31428691,29.64494923,229.9751565,19.91578456,2.518187625,-0.038984859,0.673677879,chang7,3
悦68,2041.981,2043.4668,50.55147083,3.006150961,272.1584872,25.16120045,22.73525326,22.27243768,23.80022812,23.56025248,251.3028647,26.65746425,2.434150494,-0.105771087,1.11079244,chang7,1
悦68,2043.4904,2045.0364,45.88498864,2.704799065,241.4342663,173.7704606,157.933217,140.4571888,140.4208383,101.6188158,247.6024698,25.10032302,2.353514855,0.005068809,0.957171326,chang7,4
悦68,2045.0364,2046.7924,40.64744186,3.158366919,413.2469808,65.42870916,57.35387268,56.42260081,62.05586166,59.24986216,268.5914276,29.87609596,2.455499649,-0.178467319,1.816234899,chang7,1
悦68,2046.7924,2048.909,34.31531662,3.026977883,235.5215963,556.5378329,399.2048872,290.3770991,241.4470228,231.0371996,232.1649941,22.25565359,2.455180685,-0.069617311,0.927607977,chang7,3
悦68,2048.909,2053.3539,36.39479812,3.596832707,462.2611208,138.4911837,80.3621489,86.43541501,119.6268789,123.9043934,287.5500987,38.30939427,2.279071563,-0.14016183,2.061305603,chang7,6
悦68,2053.3539,2054.3581,48.47160043,3.062823402,248.6041022,208.4531521,95.06457223,109.7658433,170.9250319,202.9701691,272.665134,27.75129869,2.538582272,-0.165694378,0.993020501,chang7,3
悦68,2054.3581,2055.3198,53.7353931,3.262930261,203.0029839,256.2676985,191.8031777,188.403166,211.732605,199.496894,284.0204807,31.90735775,2.370642053,-0.190737516,0.76501492,chang7,6
悦68,2055.3198,2056.4865,57.41698494,2.884875727,124.4454468,365.1897272,267.5212591,294.760041,253.9443459,228.4170691,236.9996689,21.06853571,2.52693274,-0.067850388,0.37222724,chang7,3
悦68,2056.4865,2057.8843,61.00515461,2.596763909,174.2878087,16.89869213,15.73060457,15.88534117,16.41303062,16.07064748,268.1676534,20.31940905,2.523898284,-0.264409925,0.621439055,chang7,5
木139,2135.3936,2137.953,82.42398544,3.153492019,124.7301948,17.91865144,20.06987781,21.86748141,22.31864993,22.64863323,234.8809008,25.03609866,2.646733852,-0.084349903,0.373650977,chang7,3
木139,2137.953,2149.875,82.72707836,3.021579199,104.2774678,31.50352309,27.07779777,29.19384468,28.90452921,29.33238276,220.7078735,18.76300811,2.639528697,-0.058596391,0.271387339,chang7,3
木139,2149.875,2151.5164,79.27123533,2.71528542,82.90252713,25.81519195,24.44443457,26.54978548,26.39956447,27.24996826,223.5807419,18.3360172,2.560779776,0.011804426,0.164512635,chang7,2
木139,2151.5164,2154.0564,81.69970303,2.843503645,97.5631921,24.57327298,23.71948242,26.80202911,26.34846742,26.03194582,224.3614633,18.7773541,2.595459064,-0.049730417,0.237815963,chang7,3
木139,2154.0564,2155.7495,81.28729858,2.754218102,86.75097605,24.91804085,25.57944527,29.80912463,30.23408165,29.89000626,225.7613495,18.87898483,2.570798286,0.015031189,0.183754879,chang7,2
木139,2155.7495,2156.5425,83.01572091,2.915428536,116.8412421,25.81469781,24.4196325,28.27409009,27.90621512,27.32595662,228.9194183,21.10872405,2.587253877,-0.070090774,0.334206211,chang7,3
木139,2156.5425,2158.6062,84.29463916,3.104085724,84.88830312,31.19893127,28.95889452,30.51740975,29.8692326,29.46307172,211.3070136,16.59675423,2.632012539,0.029981685,0.174441514,chang7,2
木139,2158.6062,2170.5117,85.03092829,3.116327321,119.5103571,25.56947895,24.29434217,25.82173281,24.88544464,24.21958059,231.8005611,23.28336499,2.641250735,-0.078771832,0.347551784,chang7,3
木139,2170.5117,2174.1643,75.58901418,2.920073183,70.73243599,64.08299751,43.61278381,45.9569411,43.12734006,38.6999829,212.7738434,15.40024808,2.588555487,0.032743733,0.103662179,chang7,2
木139,2174.1643,2175.4867,79.51718903,3.141202947,150.0411186,131.4956522,76.76171335,86.85190932,81.14013767,74.65584707,241.0625547,26.12834549,2.594449202,-0.12323329,0.500205601,chang7,3
木139,2175.4867,2177.9759,80.92542812,3.146247103,116.4653691,45.84539768,37.11798804,43.18863687,41.6882218,40.02689616,224.0818329,21.47460974,2.626868532,-0.07082637,0.332326846,chang7,3
木139,2177.9759,2180.7248,80.99433998,3.15734997,136.0395014,41.17764241,45.80937352,74.97360064,76.16436502,73.99541241,256.8263417,30.46890524,2.583820312,-0.115187191,0.430197508,chang7,3
木139,2180.7248,2183.3186,83.23578574,3.158372836,162.4662073,68.92135169,65.40829017,127.3097701,133.2446622,128.704208,284.5965285,34.44499961,2.536987944,-0.172818143,0.562331033,chang7,1
木139,2183.3186,2184.4829,83.27456665,3.210788465,138.3215927,155.3862343,98.63967667,293.2345428,329.8256989,354.8629303,272.6977173,31.58280258,2.544508147,-0.144363866,0.441607961,chang7,3
木139,2184.4829,2186.1223,79.5323361,3.15325582,153.2741416,199.5933511,179.3615783,212.4761707,212.4865935,175.7070253,277.5384641,30.34716007,2.565034986,-0.191964579,0.516370714,chang7,1
木139,2186.1223,2193.16,78.18856008,3.011658807,128.6189949,73.63987213,51.44703601,57.1189945,56.12806866,52.11705348,232.2174415,23.05994616,2.615306557,-0.108337599,0.393094975,chang7,3
木139,2193.16,2197.553,75.49378925,3.00235741,185.6042137,55.59802326,41.2445737,47.73796585,48.30077982,46.34423892,271.9574996,30.68758991,2.552262876,-0.181398075,0.67802107,chang7,1
木139,2197.553,2201.9449,78.96373643,3.03570399,229.9781672,563.4248246,319.3031417,723.4031268,796.83003,883.970833,288.7247052,34.74801789,2.453814401,-0.179341427,0.899890835,chang7,6
木139,2201.9449,2204.3591,76.89697075,2.731735778,199.7782249,44.87050247,39.53760519,46.68106499,51.02272205,52.68184748,270.741787,27.85367317,2.503617334,-0.205600813,0.748891121,chang7,1
木139,2204.3591,2205.8665,75.36320026,2.953956256,119.2860465,52.47949659,46.74154663,62.55867268,62.59271622,63.23456955,234.60008,26.90390631,2.586955015,-0.050232351,0.346430231,chang7,3
木139,2205.8665,2208.2419,78.73082237,3.052741146,224.7569523,356.3251715,147.6715366,851.5268837,885.3611221,1135.2088,289.4791267,36.92796955,2.461583936,-0.155358233,0.873784763,chang7,6
木139,2208.2419,2208.824,81.16361618,3.049382448,132.7503204,373.6220042,347.3993174,303.822848,330.5670726,282.2536443,245.6495209,27.66236273,2.551198244,-0.093203315,0.413751602,chang7,3
木139,2208.824,2212.105,77.4845307,3.176960874,267.762419,854.9006257,719.4772927,818.5953567,764.2781974,568.2257145,290.5749094,38.29531627,2.419095446,-0.148073455,1.088812102,chang7,6
木139,2212.105,2214.4012,76.56062357,2.97962008,130.5419528,563.4784458,529.1165948,682.7322789,744.4669872,483.902881,244.5229613,28.43218,2.550343263,-0.082210362,0.402709762,chang7,3
木139,2214.4012,2232.8997,75.79490575,3.127213784,296.070744,576.615824,459.377875,658.8231945,677.91294,619.4073364,301.5240793,40.06483443,2.36399954,-0.153329755,1.230353722,chang7,6
木139,2232.8997,2236.3609,71.15344738,3.068496696,194.4870574,280.1881835,248.0658228,424.9084328,407.7757948,451.3137226,279.5214481,31.47947568,2.368500307,-0.188060307,0.722435287,chang7,3
木139,2236.3609,2237.313,76.8969735,2.614101701,107.253401,244.5779597,306.1651611,385.4898902,399.3675804,410.2784348,238.9939677,18.97188971,2.550530593,-0.108040359,0.286267004,chang7,3
木139,2237.313,2239.6933,80.19967575,2.363919055,167.5315063,17.63065586,16.90120459,18.35983686,17.81081204,17.56883554,266.5799225,23.61190348,2.475673425,-0.238630071,0.587657538,chang7,5
木160,2406.2799,2409.9205,83.40911916,3.002638173,90.14506989,26.08647537,24.39682261,25.43353678,24.09345894,22.97094803,215.4127741,19.43773092,2.714592274,0.046805671,0.20072535,chang7,2
木160,2409.9205,2411.1059,83.46881714,2.695975542,135.2983032,21.06291304,24.32235756,26.95364761,25.37379074,23.96121559,256.5337982,29.01824493,2.56181922,-0.163478004,0.426491514,chang7,1
木160,2411.1059,2413.1379,81.69832701,2.638706642,115.9146446,26.05303467,28.5564362,32.79573429,30.96336039,29.15612131,230.5870774,22.99872533,2.603913377,-0.101035663,0.329573225,chang7,3
木160,2413.1379,2420.6732,76.65964145,3.115580133,61.00096124,48.77605688,40.11618201,46.00429463,41.63370339,38.40134405,199.9347156,15.46251056,2.704731117,0.049150876,0.055004807,chang7,2
木160,2420.6732,2427.9969,81.26023102,3.072401396,95.56319771,24.36299934,24.41268024,25.96738056,24.60976194,23.43690542,211.0325137,18.66486781,2.717028348,-0.041222258,0.227815989,chang7,3
木160,2428.1234,2430.9598,77.5828015,2.941159666,73.22155428,30.68025064,27.57325768,29.01174005,27.5897394,26.32379762,205.8993587,16.80870275,2.68896686,0.040953709,0.116107772,chang7,2
木160,2430.9598,2433.0764,78.17056147,2.904214568,97.94796711,29.59793886,24.8558073,25.54648876,24.3425241,23.20400906,214.4384333,18.08682611,2.695389708,-0.048156851,0.239739836,chang7,3
木160,2433.0764,2439.0877,71.27492406,2.713740782,72.28020228,26.88105786,21.80745117,21.94713131,21.07669178,20.18279482,205.4091187,14.5226056,2.668659483,0.029858494,0.111401011,chang7,2
木160,2439.1299,2448.6971,83.45544072,2.974057769,98.58398868,32.14814093,28.07759794,29.5337407,27.44735234,25.90985264,215.9427295,19.12733301,2.696322169,-0.02525033,0.242919944,chang7,3
木160,2448.6971,2451.5334,84.1246837,2.884287983,103.0963093,41.49397834,35.0801394,37.80408955,34.4632175,32.21588937,217.6010253,19.25367657,2.674514254,0.02874867,0.265481547,chang7,2
木160,2451.5334,2461.6936,80.9088466,2.968739771,107.7157321,45.21595315,35.41417894,36.79039574,33.82063072,31.39545071,215.7754915,17.08878631,2.690755562,-0.088955297,0.288578661,chang7,3
木160,2461.6936,2468.3397,70.19016181,2.64148332,73.69968513,42.69937413,35.4921679,38.43944737,35.34410233,32.80358604,206.3150895,12.93728936,2.634783652,0.028805002,0.118498426,chang7,2
木160,2468.3397,2493.7217,82.81940973,2.959409111,111.7603408,32.70373524,27.9500351,29.4115006,27.44023768,25.89231104,215.8679499,17.78708124,2.694182419,-0.026715721,0.308801702,chang7,3
木160,2493.7217,2505.998,82.88288217,3.022646261,132.07264,130.824005,96.19970004,134.2852943,115.054306,101.6110573,248.0491869,27.83977884,2.609973563,-0.072345449,0.4103632,chang7,3
木160,2505.998,2510.7605,82.49447691,2.978195362,116.5933762,31.97580983,30.27945836,33.41378202,31.12849108,29.03391075,225.0740282,21.15231543,2.69331251,0.029573268,0.332966881,chang7,2
木160,2510.7605,2511.8188,77.29152934,2.833613687,149.7350727,189.7987357,112.256123,131.1072422,114.8399345,103.4248301,265.2408634,26.05581284,2.596503999,-0.199799567,0.498675363,chang7,1
木160,2511.8188,2514.9409,79.88115281,2.901588963,135.3560618,97.74896402,63.96343935,65.17584074,58.08817203,53.11688298,254.1974264,27.32224963,2.622765825,-0.105257372,0.426780312,chang7,3
木160,2514.9409,2515.8403,81.47021008,2.84532696,152.8738155,50.46934462,29.96535385,29.57645845,27.90983963,26.09903693,307.7663727,35.57042193,2.512519926,-0.205854086,0.514369074,chang7,1
木160,2515.8403,2518.8551,83.94022003,2.495403905,142.2949384,101.0207164,89.42460526,88.67960705,81.82876606,76.85448471,265.7501715,27.75425156,2.498277111,-0.156569414,0.461474693,chang7,3
木160,2518.8551,2519.6499,83.52790288,2.130049825,161.8871198,4.789207561,5.73352514,5.924124445,5.99947582,5.769300597,310.7813677,33.203622,2.239995139,-0.234776331,0.559435585,chang7,5
木160,2519.7024,2520.9721,83.03822465,2.635550152,132.6671184,85.21073376,99.44507252,39.48625426,36.46876977,44.58827348,267.996349,28.59284817,2.533535155,-0.109894559,0.413335589,chang7,3
木55,2381.6197,2383.6516,90.64270782,3.029964742,61.7584058,151.2489014,123.1915279,115.1355016,99.69558761,88.0362872,191.1234059,6.825135231,2.663452934,0.011614515,0.058792029,chang7,2
木55,2383.7178,2386.2239,92.27621387,3.213157143,120.4502324,56.06048075,51.23323804,53.5222722,50.20410501,45.55664735,215.7462056,16.84607142,2.689990475,-0.094736597,0.35225116,chang7,3
木55,2386.2239,2388.3914,92.00491503,2.861527774,94.58639442,56.02292252,47.51596663,47.61463292,45.4921661,42.68372726,211.0601095,13.02218898,2.651011123,-0.041821278,0.222931972,chang7,2
木55,2388.3914,2390.6266,92.47210091,3.174173681,119.8019578,43.72306322,38.4866845,39.69706847,38.9814158,36.91330518,212.61876,15.41085263,2.689821043,-0.096020503,0.349009788,chang7,3
木55,2390.6266,2392.9294,91.37823125,2.889636818,95.8807373,51.63630475,45.72011064,47.76183701,47.83363182,45.54233671,217.2809537,14.01623681,2.635621058,-0.049569423,0.229403687,chang7,2
木55,2392.9294,2399.2284,92.02052846,3.172390185,115.5642703,44.1228705,39.32000194,40.89260961,41.80970974,40.49799018,216.8379442,16.92846661,2.673935296,-0.076850196,0.327821351,chang7,3
木55,2399.2284,2402.7499,92.81809603,3.440379283,167.2341761,31.57656232,34.71076886,39.13528604,43.01458655,41.46802429,263.855203,27.51313085,2.500386197,-0.193260089,0.586170876,chang7,5
木55,2402.7499,2408.9135,92.10271561,3.094798007,194.6843906,150.3889554,120.7450065,124.5382396,128.9824129,121.3355608,266.1394388,28.08592201,2.555723996,-0.178987139,0.723421949,chang7,1
木55,2408.9135,2410.2011,94.23414612,3.006663604,152.5291186,63.28307238,45.09363625,45.35548175,47.28047267,47.41382755,231.313987,19.37859076,2.63309093,-0.104446336,0.512645597,chang7,3
木55,2410.2011,2422.1219,89.48499966,3.25846146,196.7616687,621.1123872,211.9993566,222.7849149,231.6642295,209.9085145,272.797341,30.24626156,2.526381242,-0.175890491,0.733808342,chang7,1
木55,2422.1219,2423.613,86.62475175,3.062646151,86.79058486,226.3111889,148.0501234,182.3481392,166.0064697,147.2662242,218.1024686,14.32314623,2.624492315,-0.000714623,0.183952925,chang7,2
木55,2423.613,2432.215,88.26904493,3.185205722,184.533919,514.1314551,342.1034047,284.6335093,397.1354943,314.6128827,274.8948436,31.00406697,2.487899998,-0.150456352,0.672669594,chang7,6
木55,2432.215,2438.7178,95.34471289,3.092326412,266.1896587,43.90045639,35.01292252,26.3403772,31.47894535,50.4132734,306.3632024,37.40298293,2.368762268,-0.192161502,1.08094829,chang7,1
木55,2438.7178,2449.3502,93.31862543,3.328855808,275.0154252,205.8375209,158.1938617,181.1016637,217.7214641,219.6988389,307.7129864,35.90166611,2.390219766,-0.208975921,1.125077127,chang7,6
板36,1886.0827,1890.8622,17.52668723,3.209887419,133.7951457,30.32910264,34.18002075,34.53171588,32.94600056,30.74068055,226.1825929,19.62908055,2.626273608,-0.072407432,0.418975731,chang7,3
板36,1890.9166,1892.6942,18.3101003,2.978811359,98.02355042,43.30781733,55.04350357,58.90129369,54.89979401,50.26725108,218.2930135,15.24129893,2.568850676,-0.012277286,0.240117751,chang7,2
板36,1892.6942,1894.271,15.2653013,3.070085032,124.561142,32.72947407,38.2482139,40.13780512,37.68072115,35.86365318,225.2183925,18.59002209,2.613092882,-0.055754434,0.37280571,chang7,3
板36,1894.271,1899.5014,9.840251834,2.773023722,97.47859902,43.4444054,53.67262525,57.27062287,53.60598338,49.81966693,227.3518329,16.60081779,2.521616542,-0.019568158,0.237392995,chang7,2
板36,1899.5014,1900.8398,9.325614929,3.06935668,140.6063506,29.77632666,32.81861083,33.69194428,32.23465045,30.5784626,230.6495488,20.7237277,2.623200893,-0.088847008,0.453031756,chang7,1
板36,1900.8398,1907.8854,4.976372167,2.816238947,104.5101085,42.8862047,49.92667529,52.57217722,50.01079486,46.80120769,224.9244457,16.79632804,2.540849857,-0.023953397,0.272550542,chang7,2
板36,1907.8854,1909.4298,6.271903405,3.205581537,166.6348173,30.89184717,34.40332853,34.64037646,33.16614254,31.14912693,240.0612781,22.6426217,2.595332347,-0.146000746,0.583174089,chang7,1
板36,1909.4298,1910.1613,9.05682809,2.978614296,138.951185,38.27317483,44.43986293,45.74216298,44.10626602,40.1770777,238.0152152,19.28522996,2.548631464,-0.109196663,0.444755929,chang7,2
板36,1910.1613,1913.4622,15.92669056,3.156417785,159.4385,26.75907347,27.91660874,28.08696401,27.20969363,25.54099895,231.9934952,20.50773748,2.612165575,-0.132948652,0.547192501,chang7,1
板36,1913.4622,1915.6233,19.3639094,2.821992252,103.6290012,40.88480579,42.9054522,43.47520616,41.44014041,37.96953551,220.1717885,15.3753367,2.544793367,-0.02622537,0.268145004,chang7,2
板36,1915.6233,1917.3017,15.62220655,3.062575698,141.7301925,30.55146599,31.74750383,31.80474908,30.22437218,28.49775069,222.6624843,18.22332055,2.628745011,-0.101125625,0.458650962,chang7,1
板36,1917.3017,1918.1105,12.52485657,2.881881441,104.7017517,42.98560333,45.34346117,46.82433156,43.81099864,39.37964957,212.1285139,13.14912714,2.591898543,-0.036351567,0.273508759,chang7,2
板36,1918.1105,1921.3495,15.99665719,3.037508108,149.3874975,27.92467541,29.83698584,30.03910446,28.64431042,26.80627293,219.9915879,17.15669932,2.62460668,-0.126155046,0.496937486,chang7,1
板36,1921.3495,1922.3004,19.11810981,2.995693339,106.7168367,51.6091796,59.62710741,61.14899317,54.95912976,48.74320094,202.2789239,12.75425106,2.60784226,-0.024006755,0.283584184,chang7,2
板36,1922.3004,1923.7971,18.35744652,3.121659994,159.0319073,28.97476636,31.04346936,31.62127084,30.03732403,27.85586885,221.3347379,18.86924289,2.64967161,-0.147163321,0.54515953,chang7,1
板36,1923.7971,1926.9171,16.07547467,3.047404243,146.2369414,31.70004823,32.99900906,33.4340141,31.94553302,29.68450334,213.0974919,15.72936788,2.636578487,-0.118175618,0.48118471,chang7,3
板36,1926.9171,1932.0938,10.42816671,2.917345478,128.1006548,32.57409014,35.27156925,35.91802107,34.58705489,32.23655719,209.097896,13.46696259,2.615419081,-0.079309133,0.390503273,chang7,3
板36,1932.0938,1933.3113,9.310212569,3.101431825,174.5512432,31.7683669,34.20356525,34.80973244,33.97756785,31.95000198,222.6023449,19.12901471,2.625012745,-0.144707062,0.622756213,chang7,1
板36,1933.3113,1936.2156,8.626667658,2.966759155,134.0213159,37.02915764,39.7013061,40.48720113,38.54278215,36.02176682,212.639974,15.33852549,2.59719793,-0.009930302,0.420106579,chang7,2
板36,1936.2156,1942.1365,6.433477084,3.161007265,203.4198281,36.2046084,43.58438881,46.37420925,44.43705595,40.72501294,228.7273674,19.87922585,2.570551291,-0.172229733,0.767099143,chang7,1
板36,1942.1365,1945.4774,9.130332947,2.830535693,153.0583,29.54062932,31.75039135,32.17805631,31.50103821,29.67940562,222.4965439,16.82745968,2.591092152,-0.008361494,0.515291499,chang7,2
板36,1945.4774,1946.4528,5.822479248,2.955726677,107.2664396,48.6428922,54.25303226,53.59277683,48.99646335,42.76801682,205.1912333,12.73365106,2.584562275,0.026946134,0.286332198,chang7,2
板36,1946.4528,1948.6027,2.369033813,2.935575578,178.6180776,29.63881715,32.68637806,34.15960301,32.07738378,29.62963634,220.0604833,17.06825066,2.602544639,-0.154523454,0.64309039,chang7,1
板36,1948.6027,1950.6258,1.19400563,3.021131193,131.9748401,55.3843772,69.13961209,69.62603468,59.38026058,53.64504612,217.1223665,15.86240527,2.578695914,-0.007365197,0.4098742,chang7,2
板36,1950.6258,1952.7114,-0.137332492,3.32649721,174.5154105,47.97303073,50.27270296,50.79631699,44.71962696,40.39957534,229.3517168,21.09316169,2.591855579,-0.069888315,0.622577055,chang7,3
板36,1952.7114,1954.538,-0.437988281,2.81077002,111.1886482,57.16597009,63.27917528,65.97227144,58.7282896,54.01601195,222.3097763,16.53807819,2.514011905,0.016814385,0.305943242,chang7,2
板36,1954.538,1956.1871,-0.437988281,3.283817138,172.8287789,46.21286201,43.45189721,43.55851827,39.8219332,38.49053546,236.7172372,22.55461747,2.55466216,-0.117025015,0.614143897,chang7,1
板36,1956.1871,1957.1591,-0.204525418,3.028767771,145.7814331,46.91829258,49.70435418,51.54433526,47.89283837,45.55740696,228.1742215,18.68541315,2.538048903,0.003338002,0.478907168,chang7,2
板36,1957.1591,1960.2149,-1.096727295,2.79587079,101.424754,62.36272995,73.30501846,75.63823288,64.55685165,56.53808258,216.2031281,14.14374802,2.514513636,0.015169144,0.25712377,chang7,4
板36,1960.2149,1962.3356,4.572732713,3.184863885,208.6139162,25.4504296,29.53957017,30.26686456,28.95799192,26.17546029,235.6626112,20.2500445,2.584990011,-0.174674549,0.793069581,chang7,1
板36,1962.3356,1965.6701,12.42690441,2.77293998,199.1095674,25.91033677,25.47653873,25.06142528,23.93905354,22.18127871,227.2432,18.55013568,2.545300041,-0.069488351,0.745547837,chang7,3
板36,1965.6701,1966.5276,9.29841423,3.353656262,181.8580112,30.10393286,33.46397519,33.10591841,32.19677281,30.20131755,228.7472763,19.81975913,2.624698818,-0.133390814,0.65929006,chang7,1
板36,1966.5276,1967.7976,8.900138161,2.901533625,118.3536287,38.26150391,42.2022008,43.61442601,41.56480512,38.05364019,228.5841009,17.20117673,2.547301856,0.009080486,0.341768141,chang7,2
板36,1967.7976,1970.4951,8.611016978,3.343286069,155.4708998,23.5903822,25.22855402,25.36226679,24.5150144,23.25090309,238.4042664,22.37034748,2.629551338,-0.08476926,0.527354503,chang7,3
板36,1970.4951,1971.8819,13.24147924,3.03296415,193.2812169,24.14600341,26.61447414,27.22589397,26.9015274,25.57224258,245.6249173,22.96963247,2.550910036,-0.157733178,0.716406082,chang7,1
板36,1971.8819,1976.7946,13.11508522,3.03662774,135.2435873,33.13095846,35.46660962,36.20421605,35.47634611,33.10125279,222.2879017,17.43641214,2.599582028,0.011010712,0.426217937,chang7,2
板36,1976.7946,1978.4478,5.337940761,3.014230728,226.6577029,22.91364997,25.00898579,25.52241148,25.62507016,24.5689185,252.9252657,25.00687013,2.547573618,-0.18523938,0.88328852,chang7,1
板36,1978.4823,1980.1227,3.887537275,3.342728564,156.3444072,33.80460099,34.43530791,34.43125929,33.86558587,31.43165711,232.3696867,21.6812315,2.604035735,-0.082923115,0.531722037,chang7,3
板36,1980.1227,1990.6649,-19.70702694,3.833043062,531.7934172,51.60500239,72.26235291,85.70795688,82.7827829,76.16480854,315.6959963,42.29298179,2.257731676,-0.165190178,2.40896709,chang7,6
板36,1990.6649,1992.2324,-9.802283151,2.821651425,143.4625854,54.72295897,88.29444313,96.95810781,88.94032887,81.43142537,227.8955481,18.89468016,2.489105753,-0.001320072,0.46731293,chang7,2
板36,1992.2324,1995.8304,-7.483783976,2.964699666,213.6448873,50.9332805,74.67625275,83.1454806,74.77169825,69.06066519,243.0233465,22.41763821,2.477046339,-0.063653408,0.818224438,chang7,3
板36,1995.8304,2000.1484,-0.870002323,2.995497492,153.1390453,68.27657175,88.7794448,101.8406388,94.13242372,89.96677409,237.5326589,20.69224612,2.491989765,-0.004202967,0.515695228,chang7,2
板36,2000.1484,2003.594,6.183603747,2.891693798,127.3439968,52.04742754,65.5316808,69.19950091,63.93775611,57.95104648,229.1882035,19.93768205,2.534818329,0.005486541,0.386719986,chang7,2
板36,2003.594,2005.1485,15.4203456,2.461646942,202.2156607,12.705247,12.58719694,12.2014538,12.32471855,11.6944839,274.0146484,22.73388012,2.475796186,-0.266050858,0.761078303,chang7,5
板42,1824.8947,1828.4668,59.36214549,3.103183103,157.4016627,30.18629042,29.05182864,27.54681149,26.9187287,25.48013751,221.2234411,14.38153823,2.663964081,-0.157588107,0.537008314,chang7,1
板42,1828.4668,1830.6599,58.81536102,3.064545958,116.1434154,33.21486403,37.45572401,35.68846863,35.8259441,33.43435398,205.5711469,8.746694565,2.650320015,-0.086834014,0.330717076,chang7,2
板42,1830.6599,1833.6492,57.68044785,3.021836071,144.5551538,33.798843,32.09414909,31.39789986,31.21430573,29.31584679,209.4172791,10.29529772,2.646872921,-0.141668276,0.472775766,chang7,3
板42,1833.6492,1835.9242,58.29549167,3.124524957,170.6593596,33.31559673,28.96756202,27.96939007,27.88577431,26.30806029,220.0432177,13.38886419,2.655611779,-0.202388432,0.603296798,chang7,1
板42,1835.9242,1838.8036,58.57834133,3.138430725,161.9039447,36.45708466,32.40958643,31.55547484,31.56257304,29.85886192,215.4941381,12.80579364,2.657514304,-0.173177851,0.559519723,chang7,3
板42,1838.8036,1845.5186,57.01932442,3.063243367,158.5894988,37.22076305,32.6031601,32.24313372,31.8656404,30.0687997,214.9582533,12.85164632,2.647192734,-0.164813626,0.542947496,chang7,3
板42,1845.5186,1848.1655,58.29795335,3.159638481,186.4429294,29.13693463,27.88708227,26.7389138,26.45997559,25.0560607,225.4706116,16.68592865,2.65445952,-0.211317822,0.682214639,chang7,1
板42,1848.2186,1850.0196,62.42717717,3.37335817,234.0909475,26.81669998,31.49328893,30.87120628,30.91834284,28.38292745,270.7053284,25.57512054,2.533148177,-0.230117273,0.920454733,chang7,1
板42,1850.0196,1851.1357,66.69447403,3.299561596,165.377359,38.78356152,42.03115578,42.03559742,41.2548008,38.39421539,244.723027,19.761413,2.563710284,-0.174278159,0.576886791,chang7,3
板42,1851.1578,1853.7182,69.29468827,3.357212282,245.1866295,28.10751043,30.87069993,30.93759064,32.00813639,29.91785122,272.9072905,26.64526694,2.502321788,-0.221724443,0.975933152,chang7,1
板42,1853.7182,1855.5453,69.07120895,3.50692229,156.7420225,29.23241758,32.68213463,32.11663795,31.61192465,30.1153003,241.4960709,21.85692799,2.638954774,-0.121520708,0.533710105,chang7,3
板42,1855.5453,1856.9644,67.64213816,3.628311853,281.8426412,26.19029474,30.4468468,29.81771183,30.0162193,29.06833982,274.1288541,28.45778449,2.525772115,-0.20865402,1.1592132,chang7,1
板42,1856.9644,1860.759,69.50896946,3.237993163,134.9857987,44.84260645,45.39750659,46.78739535,45.98872942,42.01132288,221.6242725,16.45900148,2.646638955,-0.077779917,0.424928992,chang7,3
板42,1860.759,1862.0961,69.86535072,2.810787678,173.3364855,15.00861573,19.68372051,18.49573795,19.76166447,17.16993276,246.3642298,19.79289214,2.540992955,-0.167321896,0.616682425,chang7,5
板42,1862.1737,1862.8617,68.71099745,3.049449205,103.4688437,34.39535904,34.63406181,41.64708873,39.54233115,35.10574477,209.6283155,10.79174328,2.638542039,-0.041722495,0.267344217,chang7,2
板42,1862.8617,1863.8192,68.16692437,3.113879548,135.9400821,35.23608229,31.89430682,31.89219051,30.41520521,27.69638634,223.6348419,14.78807259,2.659080691,-0.102399358,0.429700408,chang7,3
板42,1863.8192,1876.709,56.21628967,2.852218117,113.8600047,50.28596663,42.12945997,41.91815191,41.38345663,39.17823124,223.0051603,12.90010008,2.601346747,-0.067770111,0.319300023,chang7,2
板42,1876.709,1878.1365,62.43660227,2.871089319,219.5355924,20.96536112,20.38807774,20.21058512,21.40111415,20.75069857,257.9969495,22.77850596,2.500913242,-0.223418103,0.847677971,chang7,1
板42,1878.1365,1886.5824,64.59562412,3.285884066,144.2599962,32.1693121,28.16970675,27.42656015,27.01396664,25.21177437,226.2518956,17.58868889,2.674038459,-0.098885547,0.471299982,chang7,3
板42,1886.5824,1887.3786,52.01475743,3.070206506,95.56916264,61.57431521,51.53081839,52.04721669,51.13036128,47.15917097,203.2872707,8.31088107,2.650542327,-0.034406307,0.227845814,chang7,2
板42,1887.3786,1889.3361,50.27027377,3.056876912,131.3071316,46.23034646,38.95857104,38.60963058,37.39466723,35.90035405,224.8673948,14.82260306,2.644237631,-0.089169185,0.406535657,chang7,3
板42,1889.3361,1890.854,52.90372115,3.326341391,171.6738622,39.95646521,34.32693922,33.92741673,33.36347022,31.85630622,238.3429953,20.12993636,2.628872486,-0.176898532,0.608369311,chang7,1
板42,1890.854,1892.6002,55.98000615,3.100913541,129.029128,49.69885712,42.64212621,41.86544393,40.65270182,37.68265686,224.0296916,15.64310424,2.62714413,-0.074059861,0.395145641,chang7,2
板42,1892.6002,1893.7786,55.36054916,3.197103977,146.7252197,44.78668633,37.50703812,35.83226166,34.9343998,32.11332569,228.3540039,17.08978672,2.647295547,-0.114716456,0.4836261,chang7,3
板42,1893.7786,1894.2023,54.63059044,3.008547902,118.2042961,48.58238792,41.34854698,37.1677599,35.02506447,32.63721228,209.6328201,10.91517258,2.661673486,-0.063279449,0.341021486,chang7,2
板42,1894.2023,1895.7373,52.62217536,3.048551945,131.9320197,58.46595705,49.62687889,45.45752217,44.0005813,39.54932785,217.9216778,13.20046359,2.645186076,-0.090895695,0.409660094,chang7,3
板42,1895.7373,1897.6233,51.28999138,2.892475054,205.5219088,31.73099053,29.99939692,28.74461317,28.7770499,27.3285948,250.1516285,17.79142088,2.586022392,-0.233750809,0.777609536,chang7,1
板42,1897.6233,1907.5122,46.16785383,3.535224473,361.8645266,78.7924674,74.09518051,79.46732483,79.68282089,72.31699014,274.3220587,26.90716515,2.45404577,-0.223937339,1.55932264,chang7,6
板42,1907.5122,1909.9911,44.93350311,2.968063354,183.971785,134.993983,115.1033768,113.1032301,113.9318572,108.1970905,233.2295038,16.91502435,2.51055873,-0.05933128,0.669858928,chang7,2
板42,1909.9911,1912.9527,45.37567352,3.045215807,212.1684985,84.10241074,77.03773407,79.86646133,82.6516037,79.34332703,235.9293378,18.60256603,2.51031189,-0.082866311,0.810842496,chang7,3
板42,1912.9527,1914.2761,46.0589838,3.004723767,129.3223152,378.7480977,168.4800135,143.9749076,123.0526498,115.1029243,218.5985031,11.91126943,2.550280352,-0.043176883,0.396611576,chang7,4
板42,1914.2761,1914.7393,45.91422882,3.0493186,165.6477478,280.7025909,140.3191315,122.6914597,102.9395447,88.50055389,230.5826691,15.48551178,2.554848623,-0.191343686,0.578238744,chang7,1
板42,1914.7393,1915.6714,47.18257427,3.038508147,141.7394714,143.507061,102.5906115,85.22349548,74.50723648,68.34263563,214.4811592,13.52349377,2.608573914,-0.107321276,0.458697356,chang7,3
板42,1915.6714,1916.4318,47.62683323,3.20771592,167.4351392,104.2683629,80.39034598,72.23014287,65.60016632,63.10501644,219.1984536,16.52924047,2.652579001,-0.136175278,0.587175701,chang7,1
板42,1916.4318,1918.0948,45.92657389,3.092622433,129.1064202,92.08474759,78.03403527,78.0831059,74.04656982,69.81680979,214.6516996,12.66528143,2.642442209,-0.046169853,0.395532101,chang7,2
板42,1918.0948,1919.1636,46.49824982,3.242029953,247.0176956,80.75728798,87.03645859,93.47928467,95.93239326,88.06983948,269.1575653,23.52830992,2.484961724,-0.242044757,0.985088491,chang7,6
板42,1919.1636,1921.4078,49.184281,2.752267687,122.6478324,117.7571548,137.7301359,136.0851962,125.9438204,110.5805222,221.3302235,13.40357896,2.541267947,-0.036739517,0.363239164,chang7,4
板42,1921.4078,1923.9342,60.05858812,3.149419353,144.1147243,75.28699384,67.38671639,77.07933308,71.55124301,61.08437729,227.1236136,15.26645265,2.589229924,-0.125187488,0.470573621,chang7,3
板42,1923.9342,1923.9763,70.90594482,2.421019077,164.5082245,17.58650017,20.56835747,20.07185555,22.45940399,19.76594162,255.4183044,17.9340229,2.530444145,-0.21897161,0.572541118,chang7,4
板42,1923.9763,1925.8532,74.60721445,2.458522916,195.7530088,9.96679163,11.56543142,11.2327944,11.79214656,11.34910893,273.2989101,20.86285245,2.489057019,-0.279833619,0.728765048,chang7,5
板59,1688.5324,1690.1836,69.47745405,2.960066029,98.53197479,44.19631468,36.93687521,34.29683263,35.34249633,36.75364658,228.107714,16.08055585,2.553346975,-0.027649422,0.242659874,chang7,2
板59,1690.1836,1690.649,67.79771118,2.799035025,113.1856766,37.49337769,33.70533867,31.80652466,32.19707642,32.6676918,229.6972412,17.26533909,2.569184446,-0.032252509,0.315928388,chang7,3
板59,1690.649,1691.665,66.91354709,2.829164081,97.53556061,34.33448792,33.06377093,32.18701066,32.46566179,32.8872509,230.5873193,16.9730036,2.556170199,-0.019337433,0.237677803,chang7,2
板59,1691.665,1692.1306,66.36656036,2.826015282,116.7320129,31.14153099,30.10998802,29.23493881,29.39098282,29.44552917,232.2755188,17.71320992,2.555671644,-0.036015955,0.333660066,chang7,3
板59,1692.1306,1695.4337,65.76117678,2.812902919,89.61528891,30.21205542,28.9864733,28.40745629,28.68643761,29.15532147,232.3134472,16.04595287,2.512651947,-0.019905583,0.198076446,chang7,2
板59,1695.4337,1697.3809,68.73003253,3.247807278,122.7926434,33.09157876,29.04456486,26.94792108,27.66282519,28.78261813,230.1044267,18.51715626,2.61964596,-0.066298903,0.363963218,chang7,3
板59,1697.3809,1698.4398,69.67434014,3.013125552,165.8597344,20.17544995,20.0017323,20.1854123,22.05849785,23.75737964,256.783215,23.31180043,2.539901813,-0.181840872,0.579298678,chang7,1
板59,1698.4398,1700.1738,66.02514852,2.827947776,96.53568217,34.1030688,39.0408706,41.01056754,46.01265831,48.71227824,233.4150462,18.96183764,2.564547443,-0.019340264,0.232678411,chang7,2
板59,1700.1738,1701.0205,63.11955976,2.996797323,85.06507587,65.89089108,57.89433241,51.89249611,53.06834412,54.82832956,214.1215649,14.0623554,2.625016421,0.015189867,0.175325382,chang7,3
板59,1701.0205,1703.0948,62.64833811,2.787132687,83.30262375,41.60160891,43.1619322,43.56626023,43.9509716,47.67622015,229.0622414,17.39726416,2.538612021,0.009966617,0.166513118,chang7,2
板59,1703.0948,1704.5765,64.20752657,3.067182834,107.4816566,39.89928113,37.14760326,36.82743117,36.99573913,41.73239723,229.6381085,19.93662497,2.595468209,-0.009780184,0.287408281,chang7,3
板59,1704.5765,1709.316,62.84466944,2.707914138,85.38428947,61.12754538,49.91135436,47.00712067,48.80421321,52.48916176,232.1774382,17.25708194,2.518919113,-0.002075528,0.176921449,chang7,2
板59,1709.316,1712.0253,68.54855745,3.127575885,118.9984745,40.62158941,33.71787552,32.33301088,33.50730656,35.83008725,234.5232053,22.26838004,2.650067951,-0.029383236,0.344992371,chang7,3
板59,1712.0253,1713.0014,70.14529673,3.067751858,119.6037674,45.05002128,38.47023561,39.33683862,39.94178306,44.65932126,233.8441806,21.46559927,2.62639602,-0.025456354,0.348018837,chang7,2
板59,1713.0014,1713.7203,69.89946311,3.373998233,177.5208064,38.41097014,35.91744968,36.67146029,38.09458923,42.51450402,248.8760093,26.20804732,2.615857601,-0.154580522,0.637604032,chang7,1
板59,1713.7203,1714.6939,69.90889316,3.440614488,140.8541896,48.48341454,40.65500768,41.03911336,41.73803033,47.01745817,246.468594,25.25539441,2.59727025,-0.078397506,0.454270939,chang7,3
板59,1714.6939,1715.8369,70.07104492,3.408472705,192.170903,57.56744614,52.42504654,48.42543221,50.71380424,54.48408661,262.9024521,28.51468792,2.546980882,-0.171027766,0.710854501,chang7,1
板59,1715.8369,1719.2234,70.49931962,3.220998756,117.4548323,52.50448758,44.22698225,40.8758363,42.73584788,45.71516923,228.8907176,20.476014,2.641386049,-0.071800057,0.337274159,chang7,3
板59,1719.2234,1720.2387,71.16472117,3.306243896,153.40679,47.34066137,43.97244729,40.93659125,43.18206618,46.98844062,255.3118269,27.69161797,2.578418758,-0.135841358,0.517033941,chang7,1
板59,1720.2387,1725.5726,72.09067154,3.325379746,120.6578158,42.81880613,40.00479351,38.12153426,39.20246887,41.22999824,234.6864354,24.36573831,2.632854673,-0.014749524,0.353289079,chang7,3
板59,1725.5726,1726.5484,72.00297716,3.268556886,145.8130408,31.37516234,29.10802099,27.7055751,29.29784118,31.49756156,246.275472,25.47643767,2.629397737,-0.109059526,0.479065213,chang7,1
板59,1726.5484,1730.0182,70.79923459,2.792623216,84.2640765,81.35050228,69.95948568,69.27154153,72.30935577,80.77895145,227.9682328,18.02187078,2.521255403,0.015167273,0.171320381,chang7,2
板59,1730.0182,1733.0662,68.88108276,3.216434736,120.5070978,50.80665695,44.31167191,40.01470505,41.34513618,43.37792831,228.7814594,20.29753983,2.661490021,-0.039139526,0.352535489,chang7,3
板59,1733.1508,1735.1404,69.24919532,2.955347804,98.2768622,101.797975,85.51377779,75.83972538,74.63018911,80.71958475,226.1822698,18.76992792,2.571723167,0.003674287,0.241384311,chang7,2
板59,1735.1404,1742.591,67.89231247,3.307178161,160.2750563,71.52187332,53.88256761,55.19808266,54.49905139,61.77552698,249.9174102,26.02873152,2.589089929,-0.122797867,0.551375279,chang7,3
板59,1742.591,1749.5335,56.69394844,3.612700759,330.2011905,489.8767909,317.4650258,365.4464956,346.9830259,559.7414856,307.0758399,44.14097505,2.321352285,-0.124833278,1.401005942,chang7,6
板59,1749.5335,1750.6759,59.75440712,2.932661533,107.042057,123.6425797,111.0063606,136.1636971,146.6938828,150.797818,224.7020599,20.89284325,2.554586935,0.023782883,0.285210282,chang7,2
板59,1750.6759,1752.1582,62.4426026,3.06566607,120.6991788,116.4401228,99.94275783,118.2036338,132.5093378,145.1644446,222.8849945,20.63909677,2.585863994,-0.016023374,0.353495894,chang7,3
板59,1752.1582,1753.8937,64.92496109,3.109054168,81.57105408,339.4730764,234.2834442,206.4983154,239.6330755,284.629184,194.3331991,12.02858054,2.622920926,0.037876303,0.15785527,chang7,2
板59,1753.8937,1754.698,66.4602563,2.867275034,124.5020599,146.2674266,119.9900458,113.1196987,123.7766767,163.1516495,221.1949223,18.15611526,2.573304074,-0.057831671,0.372510295,chang7,3
板59,1754.698,1755.2908,67.23454158,2.84800748,126.28523,101.2301712,100.117274,98.73065948,97.08596166,140.8229879,236.3930155,20.45973428,2.516626676,-0.055672541,0.381426153,chang7,2
板59,1755.2908,1756.0941,67.75301361,3.103011949,158.5638973,64.10108839,80.85851179,88.84480613,94.05661774,144.5088545,248.7502093,25.73610796,2.511113269,-0.157982178,0.542819474,chang7,1
板59,1756.0941,1757.0264,68.37110519,2.981398493,124.7346897,54.06383896,74.43522215,81.57594919,90.02873325,138.324008,241.753334,24.76497102,2.465264708,-0.036772337,0.37367345,chang7,2
板59,1757.0264,1757.6613,69.086291,3.093420267,150.3048553,48.77176603,70.47941335,80.53880374,85.7968305,124.2143784,248.6058782,28.27013493,2.497249206,-0.101907705,0.50152428,chang7,1
板59,1757.6613,1759.4391,69.66793264,2.956266006,123.4329717,52.25574087,61.971595,66.89891586,70.61557312,94.93127187,232.5764699,25.48786507,2.536959696,-0.012461767,0.367164858,chang7,3
板59,1759.4391,1760.7084,70.34252514,3.13671875,155.1706543,86.35724328,70.13497578,71.56292898,73.13476458,95.78470889,240.2494729,26.42825231,2.597323266,-0.106247095,0.525853271,chang7,1
板59,1760.7084,1764.8994,68.66115526,2.811167669,104.8743722,97.24206205,94.50163204,100.0848596,103.6431147,143.1169833,227.2916003,20.60573954,2.50708563,0.034162324,0.274371863,chang7,2
板59,1764.8994,1765.8738,68.11478933,3.024964147,121.2134789,69.76044761,69.85374663,73.93981806,75.08679454,96.19230482,223.0898014,20.21264966,2.573955218,-0.026322111,0.356067396,chang7,3
板59,1765.8738,1768.2871,66.58239784,2.821470797,106.8628677,115.4141052,112.805179,121.3407843,128.0933407,173.6929893,223.4058914,20.28356686,2.48981241,0.003291192,0.284314337,chang7,2
板59,1768.2871,1770.6574,60.71502247,3.261762559,245.8685646,59.81322594,67.24293365,74.62067814,78.91301632,101.4733871,263.8028893,32.33053265,2.392923164,-0.132511308,0.979342824,chang7,1
板59,1770.6997,1771.4191,57.34858649,3.134571927,109.0294625,692.532959,220.4015677,209.4246249,264.4037694,284.2996543,201.7707912,20.50349304,2.548394135,0.018874014,0.295147315,chang7,2
板59,1771.4195,1774.298,58.68116522,3.135560572,237.1441943,92.87000823,93.92395544,97.68532594,106.0489491,137.900355,265.3165042,28.75353034,2.424527039,-0.161385492,0.93572097,chang7,1
板59,1774.298,1775.4832,62.92836075,2.916998506,115.3771515,107.4932999,122.2149864,124.8056885,131.5240791,180.8032669,232.2465073,23.117519,2.482880449,0.004690146,0.32688576,chang7,2
板59,1775.4832,1777.4717,66.48016627,2.987905867,133.5685622,109.6135436,120.2219018,123.1396466,125.865463,154.4210616,243.023792,26.17768254,2.480969022,-0.052797963,0.417842807,chang7,3
板64,1724.0925,1727.606,65.44050256,3.086299493,101.7424664,30.43543895,30.6223209,29.732124,28.69396493,28.05954571,223.1255883,18.40120838,2.623267873,-0.025746436,0.258712331,chang7,3
板64,1727.606,1733.7023,58.72862701,2.843379741,83.01408966,37.0088372,38.23704792,38.51800396,37.74846085,37.70131435,226.077634,18.03779953,2.539433427,0.017955822,0.165070448,chang7,2
板64,1733.7436,1734.5902,60.47911549,2.967395395,112.2570963,35.6729455,34.21127319,34.00714755,33.4534781,33.63020062,229.6588573,21.94851899,2.598904699,-0.020534507,0.311285479,chang7,3
板64,1734.5902,1736.3252,61.26368663,2.840604909,77.59753927,47.68010432,45.60912374,46.30802765,45.86926931,46.66077398,229.9485667,18.23908475,2.522863309,0.019172492,0.137987696,chang7,4
板64,1736.3252,1736.9607,64.66768138,2.864606897,92.61390305,40.50873375,40.600818,41.18246969,40.77201525,41.1127313,230.5747197,20.08768018,2.527091424,0.015656059,0.213069516,chang7,3
板64,1736.9607,1738.0612,66.79795914,2.814831734,75.07049103,54.06649704,53.72501717,54.94031982,53.79227676,54.41064529,231.5125244,19.40248165,2.490635324,0.030386899,0.125352456,chang7,4
板64,1738.0612,1739.7123,71.19601931,3.331907323,124.9698345,41.48817526,37.96801594,37.52507292,36.37280655,36.50607409,238.4757102,25.95498712,2.607593553,-0.041410759,0.374849168,chang7,1
板64,1739.7123,1742.5063,72.56994762,3.36928151,128.5352465,33.51580197,32.67721425,32.79667141,32.71819189,33.05917383,233.5709613,25.62359586,2.650473377,-0.039947691,0.392676232,chang7,3
板64,1742.5063,1743.8609,70.21187782,3.298632483,145.3087686,46.07194297,43.5826718,44.29294968,44.08842754,44.93916925,247.9697355,28.27724854,2.61014088,-0.098090434,0.476543841,chang7,1
板64,1743.8609,1745.9342,70.757498,2.886017376,106.9986424,40.0441761,40.26781167,41.69919141,41.30928845,42.31193055,241.3014323,21.84564824,2.555549026,-0.018656794,0.284993213,chang7,2
板64,1745.9342,1749.1528,72.05634788,3.341183186,122.6294366,28.46988579,28.65111669,29.3086184,29.25290094,30.03124279,238.550328,25.85250777,2.638954428,-0.033670608,0.363147185,chang7,3
板64,1749.1528,1750.0832,69.92656612,2.980950326,150.0732212,17.73416221,18.26847684,18.55084991,18.68618762,19.2465322,254.9416485,27.19151592,2.566624045,-0.134905515,0.50036611,chang7,1
板64,1750.0832,1753.3001,66.46004147,3.051927531,98.84382855,36.12678549,36.63356527,36.88532702,36.41987822,36.81642681,223.5255489,19.6049567,2.594568412,0.015371566,0.244219141,chang7,2
板64,1753.3001,1756.3061,62.42787643,2.746293306,80.17899597,53.74012924,55.42290833,56.1702037,54.91031616,55.07473129,230.7086975,18.53101608,2.498971357,0.016200606,0.15089498,chang7,4
板64,1756.3061,1757.4923,68.86877441,3.228743529,116.1250298,33.96803207,35.75449867,36.15843296,35.10497055,35.25655422,238.9675064,24.53865852,2.574300957,-0.03306459,0.330625145,chang7,3
板64,1757.4923,1758.127,62.94988124,3.458173394,155.0436808,26.14626439,26.88523579,26.95198377,25.85410817,26.11352889,267.4983749,31.50574557,2.537025849,-0.131077016,0.525218392,chang7,1
板64,1758.127,1762.9106,61.66342985,3.022664565,93.71647761,34.40830769,35.47980201,35.46684182,34.86321146,34.8773547,230.4181847,18.77526024,2.55191254,-0.000486444,0.218582387,chang7,2
板64,1762.9106,1763.9689,65.02928246,2.891840431,172.3242493,19.3271602,19.46576489,20.10077731,20.38514911,21.19060495,247.9215698,24.1902362,2.521368292,-0.151633475,0.611621247,chang7,1
板64,1763.9689,1767.4388,58.14744923,3.017582441,84.17339588,70.5825365,70.6410137,70.30631822,67.33538687,67.21095644,226.0188399,17.43141697,2.544393383,0.009573306,0.17086698,chang7,2
板64,1767.4388,1768.9627,67.69983556,3.1092168,98.32534907,51.05583748,51.41258152,51.00786503,49.77356955,49.17208187,232.3970079,22.20301657,2.55977803,0.014297247,0.241626749,chang7,2
板64,1768.9627,1770.6574,70.02967733,3.440758673,124.5293976,34.61199493,34.18292974,34.83113251,34.28820432,34.91216342,238.003124,26.15043043,2.633382845,-0.034340049,0.372646987,chang7,3
板64,1770.6574,1773.5783,69.33432261,3.179050237,90.00961367,64.60112158,67.86937348,69.29467805,65.6640803,65.36137072,223.5483386,19.41579612,2.576560726,0.021668151,0.200048067,chang7,2
板64,1773.5783,1775.2717,67.97147369,3.344739866,122.2089035,58.16811498,59.38031387,58.27850927,56.83908971,55.51937612,228.4505819,23.07163162,2.614897013,-0.036794647,0.361044516,chang7,3
板64,1775.2717,1776.7957,65.13943658,3.315116919,100.5837056,76.34598013,80.19582132,79.38692181,77.02715419,75.13894712,219.2232689,18.80973244,2.606440361,0.013155551,0.252918528,chang7,2
板64,1776.7957,1777.4307,65.42149353,3.164181193,109.4801356,59.87795512,61.81182988,61.82787832,59.82865524,59.11621094,228.8109461,22.87246259,2.632522861,0.001003157,0.297400683,chang7,3
板64,1777.4307,1779.0393,67.40046964,2.914957132,86.65394102,69.60018512,70.7948573,71.22804941,68.19417463,67.59341022,221.7965644,19.6497879,2.611781819,0.03627611,0.183269705,chang7,2
板64,1779.0393,1780.013,67.11812846,3.330584791,111.753084,51.67928272,49.65400611,50.83142302,47.55659782,48.40026262,228.9384562,25.27129258,2.648104032,0.01059706,0.308765421,chang7,3
板64,1780.013,1785.2624,62.91543632,3.462709366,214.8411331,150.4906353,156.1390128,162.0067984,146.7374271,146.0069251,270.7952011,34.76509187,2.491650099,-0.12991698,0.824205665,chang7,6
板64,1785.2624,1786.2355,67.04774729,3.051937209,116.7877647,118.8031286,109.009151,101.6009352,95.62018161,94.60678101,225.731174,20.28332965,2.568910652,-0.045695324,0.333938822,chang7,2
板64,1786.2355,1787.4211,67.92424164,3.211696386,173.8882751,124.4206459,119.4987473,113.7019577,106.9952866,105.6640663,239.3288391,27.323423,2.515683961,-0.119368051,0.619441372,chang7,1
板64,1787.4211,1787.8867,67.34493408,2.993084431,104.4742722,158.1714996,151.0613922,156.5229858,131.687944,131.0043243,234.6295776,22.44409714,2.506360102,-0.014928837,0.272371364,chang7,4
板64,1787.8867,1788.3947,68.1646637,2.940875006,120.3831009,122.7977081,119.5273849,125.4771454,107.5374542,106.5908676,232.8905945,22.10904579,2.544109678,-0.052095607,0.351915509,chang7,3
板64,1788.3947,1790.5111,69.13771396,2.999598384,95.36159219,87.59322272,87.43280623,90.535397,87.29392497,88.11814287,222.5366974,20.23700248,2.567567984,0.027164908,0.226807961,chang7,2
板64,1790.5111,1792.289,70.3111318,3.328453207,143.8136332,111.5641886,112.6527247,112.6534993,105.1715474,102.2929509,231.430426,24.15630226,2.574726963,-0.092562315,0.469068166,chang7,3
板64,1792.289,1793.0509,70.25901249,3.262099436,121.3086875,93.43397631,94.96086012,102.1263569,89.68940517,89.91042001,222.6630685,23.58457048,2.601975952,-0.017805995,0.356543435,chang7,2
板64,1793.0509,1794.1091,71.22173225,3.747616397,147.4725444,71.78803253,73.09055498,72.75167677,68.96291945,67.31977505,234.4072927,28.06470044,2.610126628,-0.077270115,0.487362719,chang7,1
板64,1794.1091,1795.5485,71.01430277,3.413766934,118.0445668,71.58686711,67.28715721,67.81781651,64.33603111,64.42212442,223.3428157,23.81260241,2.619480977,-0.008977162,0.340222833,chang7,3
板64,1795.5485,1797.115,68.64899935,3.359056592,179.1095472,105.9197137,95.22584098,94.74172429,81.49961771,81.35799054,249.8124978,32.22585188,2.526040196,-0.106035284,0.645547733,chang7,1
板64,1797.115,1802.4487,65.51225367,3.357952595,132.1183437,75.83332365,78.77805979,80.13532977,74.87730122,73.97309598,230.4435453,26.97799873,2.634689434,-0.029533608,0.41059172,chang7,3
板64,1802.4487,1803.1248,58.76105118,3.368774811,229.0928141,67.01046117,78.8362484,85.7462527,78.95255852,79.25529544,264.7486165,34.23993937,2.48626407,-0.123246747,0.895464068,chang7,1
板64,1803.1248,1804.3965,54.77931976,3.337653659,187.9772838,164.3628831,190.6694364,207.0999922,172.7240829,168.0597257,248.211441,25.92766727,2.512204994,-0.16744215,0.689886426,chang7,3
板64,1804.3965,1806.5978,58.38254748,2.939196235,106.8593935,210.7660506,241.0099391,233.3952356,204.5610713,182.8803181,221.9531146,20.9616119,2.525650815,0.014151999,0.284296967,chang7,2
板64,1806.5978,1810.7039,69.66711538,3.260275644,125.1847287,86.11118339,98.11408862,107.3735621,96.20655486,96.51452547,228.191952,23.73122176,2.592725284,-0.037750984,0.375923643,chang7,3
板64,1810.7039,1811.2967,71.18226115,3.409750422,168.4747925,77.87961833,79.64180247,81.47838847,78.87649536,79.24911245,243.0007324,27.30593808,2.593885541,-0.134534291,0.592373972,chang7,1
板64,1811.2967,1812.0587,69.59455763,3.296167578,120.1093881,77.77587346,79.02271162,79.40856171,76.8948931,76.27405003,225.3123038,21.96686826,2.594508444,-0.034660809,0.350546948,chang7,3
板64,1812.0587,1817.054,65.49626969,2.976524324,93.15261264,88.40011336,89.77960149,89.84345227,86.28626233,84.87390546,222.3629109,19.71030533,2.553697638,0.028718702,0.215763064,chang7,2
板64,1817.054,1819.1281,68.53333961,3.169556816,123.2074543,82.04544788,84.26853095,89.84232034,81.83537716,81.82417297,229.9316288,24.04217296,2.564870318,-0.019384879,0.366037273,chang7,3
板64,1819.1281,1819.8898,68.44773538,3.232703822,268.8337555,83.75671605,85.43034363,94.06520517,85.68024881,86.03646742,300.4295785,36.57422529,2.436248234,-0.187681342,1.094168782,chang7,1
板64,1819.8898,1821.0327,69.11119385,3.398798609,235.8411453,375.9308746,376.3829025,435.6083725,404.1521545,416.3327797,388.2180237,43.36338253,2.397788405,-0.308080022,0.929205742,chang7,3
板64,1821.0327,1823.7404,70.06517128,2.812822757,159.0387965,25.85375081,26.23283938,26.34300804,25.94068428,26.2127698,285.1877813,27.72091998,2.457322525,-0.228829856,0.545193986,chang7,5
板67,1702.1546,1703.5709,56.29240608,2.854959309,112.5787748,24.25291411,25.35223373,25.96464284,26.46618764,27.20318762,240.6173147,21.90222232,2.524541616,-0.01892381,0.312893869,chang7,2
板67,1703.5709,1704.0036,57.99592018,3.040593743,135.3429279,23.85958862,24.51892996,24.62388897,24.65484667,24.92789555,238.6157188,22.53589821,2.600381613,-0.082959471,0.426714636,chang7,3
板67,1704.0036,1705.9006,55.22062802,2.834620088,107.9132266,24.55588317,25.84469581,26.22729981,26.37048948,26.98110187,234.1255226,20.35240054,2.540336937,-0.006279439,0.289566132,chang7,2
板67,1705.9006,1708.2806,59.42784634,2.745099747,131.3988781,29.83172672,30.3839973,30.99595456,31.67390084,32.76359625,228.6640366,20.85021353,2.565500164,-0.063461761,0.406994391,chang7,3
板67,1708.2806,1709.802,57.11280265,2.181668291,207.2175598,10.55498835,13.51744876,14.61378684,15.55127247,16.21346936,268.2815082,30.69893441,2.29096398,-0.158518299,0.786087788,chang7,1
板67,1709.802,1711.8787,53.41230816,2.813488775,97.20275158,30.62571314,32.5719826,33.02649943,33.55638038,34.45691586,232.433158,20.22728994,2.510440879,0.012795056,0.236013758,chang7,4
板67,1711.8787,1714.3391,56.66007196,3.140146687,123.0971952,41.05774825,34.99269849,33.198644,33.56361344,34.03707886,230.0369074,22.2990927,2.594610725,-0.024257883,0.365485976,chang7,3
板67,1714.3391,1715.5648,54.56699545,2.815145449,89.24881051,33.61357082,36.86630804,38.20596556,38.77897921,40.26553067,225.7337896,20.52352038,2.496530143,0.039294854,0.196244052,chang7,4
板67,1715.5648,1718.1048,60.40330542,3.164206584,130.2617195,36.52823348,33.52568645,32.87818464,33.39840171,34.28697241,227.8284265,22.57173357,2.637517963,-0.038859251,0.401308599,chang7,3
板67,1718.1048,1719.19,61.33331146,3.223865223,155.8433899,24.34756136,23.4094326,23.66885653,24.04078054,24.65826826,266.6406509,31.03188457,2.537181044,-0.117528918,0.529216951,chang7,1
板67,1719.19,1720.1872,58.51322344,3.033722586,115.8953764,43.17662345,39.42437977,39.43828074,39.91452132,40.69197422,237.0650516,21.86036152,2.574836042,-0.036060353,0.329476886,chang7,2
板67,1720.1872,1722.3706,57.92012872,3.049482107,133.2232416,26.35371452,26.01004717,26.17130576,27.28821564,28.58844227,240.9832976,24.76608234,2.592264652,-0.054959224,0.416116209,chang7,3
板67,1722.3706,1724.699,57.36137428,3.076330209,110.9312447,29.6024889,33.75372534,35.06303425,37.23510132,39.22481947,230.3627029,22.38600273,2.566024959,0.013096548,0.304656222,chang7,2
板67,1724.699,1726.1299,60.35165628,3.340713382,157.034387,49.6505119,48.33260361,48.4582607,51.34138298,54.98385509,246.0203946,28.60441717,2.570474764,-0.109934568,0.535171933,chang7,1
板67,1726.1299,1728.1036,60.20152574,3.224898619,133.4565385,57.66976502,41.45668759,41.3860744,42.55369669,45.14291079,239.0140587,23.72645434,2.608979267,-0.06278722,0.417282692,chang7,2
板67,1728.1036,1734.4914,59.59751907,3.165649698,129.186741,32.63471956,30.08878825,28.94387817,29.6197333,30.32148776,232.7120834,23.37323556,2.6314239,-0.040940577,0.395933706,chang7,3
板67,1734.4914,1735.3372,61.69328976,3.223944932,158.0293369,32.79314184,31.6529088,29.61393571,29.93455958,30.39019847,248.6347027,25.34604359,2.612734616,-0.121289586,0.540146679,chang7,1
板67,1735.3372,1737.7483,57.82524223,2.97582885,104.1261875,66.77036257,61.51360397,56.50919027,57.05658884,58.17059002,229.2038284,19.67841606,2.579245293,0.006298375,0.270630939,chang7,2
板67,1737.7483,1738.9825,59.14802551,3.074491869,133.6304696,41.27973851,35.13997026,32.12196489,32.10895192,31.97166304,234.3135015,21.75899384,2.657357042,-0.058070357,0.418152343,chang7,3
板67,1738.9825,1741.1761,53.75705077,2.855486832,93.90000916,63.34233294,57.20568587,56.87878579,58.60929329,62.20158647,229.8755702,20.36671086,2.5069592,0.024716131,0.219500046,chang7,4
板67,1741.1761,1742.6903,56.04489312,2.962944471,112.9539912,67.92830599,48.62410267,43.68679516,43.92937411,43.61536496,234.7522196,22.23883702,2.546412266,-0.004485611,0.31476996,chang7,3
板67,1742.6903,1744.9861,54.80905011,2.765580165,91.69930147,87.35108185,75.15714866,67.28245163,68.70849931,69.18026352,234.3142138,20.89890309,2.496786293,0.023864523,0.208496506,chang7,4
板67,1744.9861,1746.8622,60.12340713,3.207780927,117.4758353,44.24089289,43.33133864,40.87529635,41.3600843,41.38223624,235.3265009,21.96427798,2.596320465,-0.031951701,0.337379176,chang7,3
板67,1746.8622,1748.6193,61.19506378,3.441778294,175.6919637,37.79172503,34.28436775,32.61795972,33.47555936,34.35984459,251.2673767,27.81141408,2.615299241,-0.132828746,0.628459823,chang7,1
板67,1748.6193,1750.0459,58.35466099,3.313972871,125.7647006,46.61379814,42.13594866,40.57671897,41.04349454,41.11002032,231.3057137,23.8689127,2.622329195,-0.022001532,0.378823504,chang7,3
板67,1750.0459,1751.6504,55.0086095,3.567152228,267.9736677,34.28645911,33.0247676,33.40295451,34.39344924,35.21266133,294.7663542,35.68820259,2.499880297,-0.161114262,1.089868352,chang7,6
板67,1751.6504,1752.5183,53.78999233,3.653119385,188.2236061,46.6051259,39.37361479,37.94563007,38.39757824,38.88806915,267.9708061,31.67724729,2.576748043,-0.141867666,0.691118032,chang7,3
板67,1752.5183,1754.9613,54.32542964,3.384267307,212.0221412,39.0846455,36.43696494,33.92292922,33.65085475,33.20505624,262.0192421,31.18183872,2.533602669,-0.151800654,0.810110702,chang7,1
板67,1754.9613,1760.7403,57.19185005,3.450920227,139.7669251,47.68276876,44.59034713,40.90055916,40.58080349,40.08376998,238.1989431,25.88240011,2.632118859,-0.056097833,0.448834624,chang7,3
板67,1760.7403,1762.1131,58.72544225,3.395253539,166.9331881,86.16577435,70.32428455,65.67034785,67.48513031,69.28528182,261.8242747,31.43252087,2.538264453,-0.108227504,0.584665947,chang7,3
板67,1762.1131,1767.3483,52.75164218,3.728300327,394.9393672,103.2956256,97.30591663,87.54665295,91.45352368,95.40313517,319.6300333,43.06334775,2.309429074,-0.137327385,1.724696832,chang7,6
板67,1767.3483,1768.5256,51.46382141,3.195670056,160.8075058,99.98690224,91.26841011,88.77147179,92.2086174,98.50733185,235.865831,23.32743206,2.492680359,0.011063255,0.554037529,chang7,2
板67,1768.5256,1769.8517,53.75405375,3.286004702,244.3796298,76.05643622,56.81165536,53.27532291,55.82596016,58.8109382,255.9607811,27.26574898,2.487472753,-0.031128934,0.971898148,chang7,1
板67,1769.8517,1772.1657,55.74714222,2.951430809,111.5937073,218.8435513,213.4009518,143.3272141,147.6821228,142.2605175,225.5970558,18.23890376,2.529491019,0.016127945,0.307968532,chang7,4
板67,1772.1657,1773.1184,53.86667548,3.0071129,188.1017609,114.5693741,109.684171,87.5692376,88.73638153,84.9663976,245.5396525,23.66119576,2.507908265,-0.084197221,0.690508796,chang7,1
板67,1773.1184,1773.9178,52.38586535,3.209795577,158.3618001,121.6763077,106.9873799,88.56077358,88.4187415,88.72340502,223.7837394,17.68798869,2.558234385,-0.000408233,0.541808997,chang7,2
板67,1773.9178,1775.0178,51.45702629,3.312053871,201.5712936,113.8185383,109.4017365,92.30256729,97.64922829,101.7902565,256.4345245,25.71868095,2.461063504,-0.017549393,0.757856461,chang7,2
板67,1775.0178,1775.441,51.07246113,3.127619624,188.6430855,218.7572937,225.332058,182.2383881,192.066288,193.4927177,259.1876373,25.6726408,2.445527434,-0.011809628,0.693215415,chang7,2
板67,1775.441,1776.2869,51.05861998,3.218186319,214.8102856,100.2317295,95.52830029,79.8962369,84.77300358,89.22866726,264.1851959,26.86250067,2.456350654,-0.026197145,0.824051432,chang7,3
板67,1776.2869,1777.3104,50.71288766,3.10442906,169.1592712,173.5478507,174.6518326,130.5201984,135.3760367,134.9629534,242.7531213,23.19636748,2.487516403,0.015506724,0.595796353,chang7,2
板67,1777.3104,1779.1539,50.5462296,3.103953943,181.3406849,147.864429,132.287066,107.1787796,106.3947892,105.2916267,253.9812059,25.902686,2.459758565,0.007655879,0.656703422,chang7,2
板67,1779.1539,1781.4138,52.74744596,2.875580687,143.4720013,158.3207245,132.4604167,110.6962324,115.830257,118.2997113,238.7782095,22.23107549,2.482932894,-0.012397502,0.467360007,chang7,2
板67,1781.4138,1783.1369,50.5621315,3.452049526,352.5938833,79.64801534,57.27825724,56.1814668,59.13086065,64.68837357,318.1265462,38.20387878,2.302043756,-0.211605185,1.512969434,chang7,1
板67,1783.1369,1784.6325,51.89927996,3.085217861,210.418207,188.6649534,148.1222622,129.9086092,137.5024062,142.4413317,254.3072686,25.00454081,2.466958028,-0.197207251,0.802091039,chang7,1
板67,1784.6325,1786.287,56.16260747,3.356856585,252.387546,80.71972997,79.27130944,85.40218503,95.76479735,106.9491365,282.8136226,30.71121434,2.396550723,-0.206275187,1.01193772,chang7,1
板67,1786.392,1787.2336,59.46502495,2.930280775,122.1944981,331.7295856,198.9189339,185.6458359,194.1047087,210.5246572,253.9917641,22.82008386,2.46615237,-0.094476127,0.36097249,chang7,3
板67,1787.2336,1787.764,59.46193008,2.956683874,167.4339569,178.4824127,137.8171509,116.1681976,118.2491455,115.0218674,278.6597473,33.16417618,2.433390617,-0.127286896,0.58716979,chang7,1
板67,1787.764,1789.4036,58.14703805,2.765706829,113.5809223,114.323007,101.8386233,90.73815482,88.97726059,87.91019303,243.0559714,20.50093038,2.502039943,-0.038653198,0.317904614,chang7,2
板67,1789.4036,1791.8866,61.12814077,2.33379574,181.817914,21.18674687,19.69846548,19.2484446,19.40552071,19.67027701,272.8958304,25.7258695,2.456057912,-0.23177503,0.659089565,chang7,5
板70,1807.3024,1810.4245,50.30562665,2.662976852,118.2974246,22.03717716,23.33678172,22.66002237,21.40684223,20.78086237,224.9027305,13.19192732,2.5961833,-0.078685687,0.341487122,chang7,2
板70,1810.4245,1817.6732,53.55402083,3.120963472,151.6057809,24.3680513,24.90279178,23.71529734,22.59215274,22.01843601,230.9602671,19.35403101,2.657557714,-0.101942436,0.508028905,chang7,3
板70,1817.7768,1819.3638,50.36030824,2.824065924,100.7688637,17.5127103,19.08727169,19.22272246,18.74351447,18.53292997,217.2454256,12.27497796,2.609149337,-0.041393866,0.253844319,chang7,2
板70,1819.3638,1826.297,54.01112802,3.28863797,157.6627353,19.53281271,20.96605274,21.13363048,20.13392239,19.6706364,228.3769376,19.36123899,2.656098255,-0.110101901,0.538313675,chang7,3
板70,1826.297,1831.0593,49.45621187,2.763241328,116.3057848,33.10926926,33.87470011,32.73488739,31.5671529,31.02686887,226.2525639,15.20043808,2.555965369,-0.059313029,0.331528925,chang7,2
板70,1831.0593,1833.3876,53.03677254,3.105550098,159.6075203,36.92541637,37.34582233,35.30312567,33.6952075,33.15275335,234.8929169,19.28076954,2.586199033,-0.13109088,0.548037602,chang7,3
板70,1833.3876,1836.1392,49.71515523,2.644330636,99.57278575,38.99988821,38.85050998,36.68381882,35.32722962,34.82972187,225.4224781,14.77912393,2.507995989,-0.033427762,0.247863926,chang7,4
板70,1836.1392,1840.4782,55.8468221,3.056566397,169.6495442,35.75343042,37.44705719,36.25618511,35.00338093,34.45086983,242.8071645,20.21624231,2.605888552,-0.164021661,0.598247722,chang7,1
板70,1840.4782,1846.3519,55.29807417,3.40082336,158.2495178,31.4233166,32.85596291,31.84192042,30.12174662,29.40836612,234.9538692,21.29388177,2.655182729,-0.105300605,0.54124759,chang7,3
板70,1846.3519,1849.7915,54.41231931,3.024248625,149.0021173,46.49305028,44.76635558,42.15756015,40.92556855,40.71804652,235.5412429,20.80624863,2.640013522,-0.086040411,0.495010588,chang7,3
板70,1849.7915,1851.5377,55.91128565,3.243347994,170.0329366,45.14286702,41.42406222,39.71355362,38.54560432,38.92717628,255.9079844,24.80858841,2.587851985,-0.153462203,0.60016469,chang7,1
板70,1851.5377,1859.0518,54.91146638,3.09106269,151.7375643,35.0872991,34.89578547,33.69958315,32.46736414,32.22294764,229.8100091,19.81239028,2.647361165,-0.091193108,0.508687819,chang7,3
板70,1859.0518,1861.115,55.70977084,2.952635672,147.0693393,46.8869097,42.94054476,40.84605175,39.36584706,39.48598205,232.1588321,20.7563947,2.635188076,-0.073809333,0.4853467,chang7,3
板70,1861.115,1865.0833,57.61964255,2.905647422,181.8841599,32.18356924,33.38764185,33.29224586,32.12422059,32.16350787,245.5301051,23.0439376,2.578258225,-0.164260955,0.6594208,chang7,1
板70,1865.0833,1866.6179,51.51871579,2.663402337,100.1561579,55.45175347,51.12082613,48.83622448,47.04641518,47.65118144,228.2497652,15.1857379,2.530702334,-0.036591042,0.250780785,chang7,2
板70,1866.6179,1868.9999,50.27173939,2.871482396,126.2822456,51.89555626,46.91722546,45.43527508,44.24833164,44.94843731,223.3793365,15.88500662,2.606760085,-0.055862012,0.381411228,chang7,3
板70,1868.9999,1870.3761,49.66520977,2.823226035,96.01836904,60.38041464,51.36192354,50.21032874,48.59769789,50.14845467,223.4153709,14.059213,2.555974523,-0.029662014,0.230091843,chang7,2
板70,1870.3761,1873.6564,51.88621775,3.044531557,131.8323118,43.73163365,43.89780454,44.0962167,43.71850572,43.8218364,227.7647349,18.24859785,2.627379921,-0.054158231,0.409161561,chang7,3
板70,1873.6564,1875.0851,56.4745868,3.21605285,135.1538862,68.75476964,67.75885963,67.32416534,67.61823908,67.62584146,233.8237699,20.48610481,2.578603109,-0.054595531,0.425769431,chang7,3
板70,1875.0851,1877.8367,58.72592793,3.710474626,340.7191222,70.93657253,68.42389712,67.19373454,70.20899151,70.79401166,294.2888641,35.87815152,2.463759381,-0.177378685,1.453595599,chang7,1
板70,1877.8896,1880.7472,57.4202083,3.302260707,175.2362277,63.71459134,61.15316884,61.93713506,63.8694307,66.37676541,236.1510741,22.22409217,2.602814595,-0.124515879,0.626181139,chang7,3
板70,1880.7472,1890.0607,59.44437243,3.629551539,387.1639298,251.7183041,243.0523812,243.1302071,243.1443205,243.0852005,285.168505,35.24259276,2.361927101,-0.166313406,1.685819652,chang7,6
板70,1890.0607,1893.2345,58.88444035,3.237162031,189.2063135,107.2623778,98.28889201,97.20692767,97.19788302,96.71051201,231.0621068,20.51336729,2.588243118,-0.152477791,0.696031566,chang7,3
板70,1893.2345,1894.029,58.88500268,3.440404688,131.3679068,136.1151515,102.1683426,92.38701739,92.3545663,88.31674303,205.8646829,13.7131616,2.668828998,-0.052753369,0.406839533,chang7,2
板70,1894.029,1899.7428,59.13676258,3.400894185,164.2214268,71.11054214,67.58884162,67.16976953,67.17002771,66.99823225,235.1630509,22.06804825,2.636557843,-0.116203955,0.571107132,chang7,3
板70,1899.7428,1907.4166,57.00171268,3.272146344,144.3270982,49.57993141,51.0151198,51.5262162,51.4977206,51.62766352,227.1948848,20.81614257,2.629883262,-0.054667479,0.471635491,chang7,3
板70,1907.4166,1909.2687,61.43177199,3.539509937,430.373745,164.9781464,139.2858524,136.6971242,138.0417602,136.8823974,304.9736862,37.21981394,2.272329405,-0.191552973,1.901868716,chang7,6
板70,1909.2687,1911.9144,59.53776377,3.153433215,207.3585399,122.84917,127.7532154,120.5835963,120.6032191,117.1560541,250.6846515,21.08597209,2.504606074,-0.199556396,0.786792702,chang7,1
板70,1911.9144,1915.6194,55.22405218,2.932509415,122.8489395,125.8723185,98.56677301,81.32104572,78.41747782,74.06098803,230.1893296,17.15065132,2.538158017,-0.065076908,0.364244701,chang7,2
正40,1370.7936,1373.113,70.63970413,3.307551551,88.84565353,32.75762262,35.32466393,38.22019882,37.31076488,36.35465736,227.1155357,16.63323545,2.623674715,-0.118861288,0.194228267,chang7,3
正40,1373.113,1373.5534,69.3817276,3.694739294,70.08686066,58.32661438,63.00034027,69.27032928,65.50201416,61.85415649,208.7240509,12.92307224,2.683699703,-0.020682856,0.100434303,chang7,4
正40,1373.5534,1375.1107,69.4015051,3.312316913,97.74948003,34.64136901,39.219841,43.43545459,41.90575732,40.55479593,229.0953099,19.2067731,2.625880792,-0.142372251,0.238747402,chang7,1
正40,1375.1107,1378.8347,67.15123232,3.220790132,88.32038412,36.79189534,38.99197234,42.32189086,40.7410082,39.21385587,222.048233,16.04543692,2.636883543,-0.107051288,0.19160192,chang7,3
正40,1378.8347,1381.2688,66.77516975,3.034759867,98.63881531,30.75194502,31.4383791,33.19376249,32.99182186,33.05028458,229.0605721,18.85357628,2.605142725,-0.15650082,0.243194076,chang7,1
正40,1381.2688,1382.8038,66.5150393,3.323853236,84.29363896,28.11368942,30.99966108,34.25663845,34.15981674,33.52187553,225.146306,15.23882066,2.616920746,-0.100841884,0.171468195,chang7,3
正40,1382.8038,1383.1286,66.46860123,2.951262236,100.2873802,22.20723581,25.35717392,28.2657094,28.48667765,28.0732317,231.2159271,17.93580675,2.65141046,-0.182526853,0.2514369,chang7,3
正40,1383.1286,1384.7161,70.29956491,3.074979424,94.4426166,27.58534241,31.46319171,33.80524526,34.1203928,34.21739633,228.1454795,19.16483416,2.60756181,-0.122282645,0.222213084,chang7,3
正40,1384.7161,1386.9385,75.74289101,3.401707461,117.7420072,28.99281622,30.33466861,31.89424776,31.68292929,31.22707096,246.2124305,24.12551157,2.617701003,-0.188528453,0.338710035,chang7,1
正40,1386.9385,1387.7151,72.72467586,3.12856354,85.78529903,20.13149779,25.19754219,27.43951688,28.27846636,28.63678278,230.0658722,18.67810958,2.604386023,-0.0857487,0.178926496,chang7,3
正40,1387.7151,1388.7115,70.15383148,3.00742899,117.5559141,23.84641986,27.53860834,32.1546243,33.12449349,34.29986487,250.5525174,23.56223,2.527254131,-0.186018774,0.337779565,chang7,1
正40,1388.7377,1389.3727,69.35160192,3.032067339,85.26408641,29.92515723,36.76426061,41.21877162,43.0718619,43.76459885,229.76371,16.4305582,2.578560909,-0.104766515,0.176320431,chang7,2
正40,1389.4255,1389.9017,69.53914032,3.168398666,97.24134827,30.49058952,34.57010727,37.58625717,39.15367508,40.08555145,231.7166382,17.06924458,2.618797112,-0.17176702,0.23620674,chang7,2
正40,1389.9017,1393.8705,70.01158974,3.27165556,88.58209853,24.15480224,26.82287644,29.05192907,28.94444974,28.69384032,231.5568057,18.66658387,2.580747178,-0.102917527,0.192910493,chang7,3
正40,1393.8705,1394.4525,72.27908834,3.246957103,105.5960706,16.99936803,17.7296265,18.61156178,18.53296534,18.67708619,250.2155101,24.85225296,2.647721887,-0.176542766,0.277980347,chang7,1
正40,1394.4525,1396.859,70.44313431,3.439028716,87.7142746,17.2260675,19.77319803,21.39609556,21.19110613,20.75528402,237.69758,21.27074785,2.647198236,-0.085312844,0.188571373,chang7,3
正40,1396.859,1399.7673,65.00897249,3.515421689,80.96698825,34.00855041,30.78463093,31.63593864,31.4188176,30.88097962,220.6158199,15.93514768,2.660140554,-0.021282459,0.154834942,chang7,2
正40,1399.7673,1403.5358,72.73750625,3.645747785,135.5040229,42.93338929,41.16657048,43.74542175,43.22746388,42.45519718,243.0700861,21.60282744,2.598239722,-0.192154925,0.427520117,chang7,1
正40,1403.5358,1405.3358,72.65026754,2.653753058,134.015744,12.16676826,13.87588876,15.60498085,15.47691536,14.94797503,258.4869293,23.52479553,2.298990091,-0.158561106,0.420078719,chang7,5
正40,1405.3358,1407.5819,70.89244321,3.171203513,102.1530336,28.35518546,32.88763011,36.86955542,38.763886,39.8491364,225.6345279,17.19403919,2.567890305,-0.045856111,0.260765171,chang7,3
正40,1407.5819,1411.0608,72.10094163,2.78093329,135.0203166,12.34970501,16.55788833,18.51025371,19.38742299,19.82153662,245.0911555,19.91648454,2.466973856,-0.160374093,0.425101584,chang7,5
正40,1411.0608,1415.2677,68.95289481,3.186004904,81.33209773,26.1272262,31.42319881,34.51521835,35.33883607,35.76333177,220.4197409,15.65713931,2.546336855,0.021485831,0.156660489,chang7,2
正40,1415.2677,1420.6102,72.4405528,3.478354264,108.1442661,27.515772,28.7826607,30.33633336,30.10888785,29.69277226,230.2162698,18.76365688,2.603837452,-0.054329672,0.290721331,chang7,3
正40,1420.6102,1426.6426,73.3696054,3.249894361,164.9065901,30.64706946,31.89662443,33.91436589,33.23243418,32.34509667,242.5053421,21.1639567,2.548531479,-0.188572257,0.57453295,chang7,1
正40,1426.6426,1432.5684,74.26927503,3.483263701,123.3995991,35.97911545,35.16259217,36.27344926,35.48983165,34.34898086,221.8221521,16.79477268,2.657271728,-0.100005116,0.366997993,chang7,3
正40,1432.6576,1438.3724,74.42291471,3.071187562,170.2632914,25.53503345,25.54959671,26.91362223,26.86689296,26.70390953,245.7820389,22.00634717,2.556985074,-0.207161974,0.601316457,chang7,1
正40,1438.3724,1441.0723,72.64713321,3.075940702,98.87451072,31.96546924,33.45132894,36.25577305,36.0194023,35.57345249,230.4355946,19.55922716,2.578302052,-0.027762555,0.244372552,chang7,2
正40,1441.0723,1443.8757,73.70636849,3.415133331,124.4098013,22.82441123,23.25003442,24.31219972,24.21253544,23.99782993,242.3380877,22.57709818,2.638621351,-0.083574585,0.372049006,chang7,3
正40,1443.8757,1446.204,74.71692734,3.18992058,161.0758282,29.92712317,29.54956675,31.48866959,31.56676836,31.32639656,253.2277115,24.20452728,2.556055319,-0.186103233,0.555379145,chang7,1
正40,1446.204,1449.0614,75.97431183,3.405980706,127.4351292,78.42972803,56.5150214,55.38047528,53.96157289,50.87095881,237.3979333,21.52169462,2.632788469,-0.106915265,0.387175643,chang7,3
正40,1449.0614,1452.0248,76.11173065,3.196523914,153.9726526,57.26690567,47.73698441,49.36688431,48.81007431,47.47515411,253.2050653,23.19646614,2.535332441,-0.198046786,0.519863262,chang7,1
正40,1452.0248,1456.9459,75.77099934,3.635854828,125.228944,39.79103413,35.04975061,35.19834232,34.53452249,33.37340102,239.8321442,20.9015502,2.592546022,-0.109435334,0.37614472,chang7,3
正40,1456.9459,1459.8406,69.12800185,3.450863014,165.7866688,41.96289229,39.04335531,38.61832579,37.50838629,35.72142839,248.823789,23.19622087,2.57363836,-0.196648879,0.578933342,chang7,1
正40,1459.8406,1465.022,62.77876518,3.219913573,306.5416292,217.4221292,166.8108254,168.7809079,160.8649183,150.4108628,279.8479919,30.7221662,2.362487628,-0.199425596,1.282708148,chang7,6
正40,1465.0245,1469.4586,56.62523407,2.952722695,238.4180188,85.26766894,63.62852595,68.59247409,68.53068193,67.06915919,258.8085331,26.81410811,2.336783747,-0.190689226,0.942090097,chang7,1
正40,1469.4586,1482.0905,66.35432898,3.627294758,325.0039782,216.3000102,177.4173023,194.6274775,193.891731,192.166561,293.3794168,38.35188161,2.301937669,-0.153881681,1.375019891,chang7,6
正45,1356.6625,1358.3812,58.2860899,2.834090263,117.237299,15.0167259,15.95567973,16.67702281,17.15764463,17.33834684,241.4361877,19.63288625,2.446462532,-0.029562236,0.336186491,chang7,2
正45,1358.4074,1364.1938,66.87323546,3.03908875,145.9996997,19.5121466,19.29698993,19.49531796,19.1886967,19.11972751,234.8993341,20.3794506,2.517385584,-0.136965293,0.479998499,chang7,1
正45,1364.1938,1370.8408,57.77608944,2.704023774,123.3836615,12.72847321,12.39971033,12.5622374,12.69085208,12.72305105,238.0528125,16.76176009,2.494144869,-0.050767972,0.366918307,chang7,2
正45,1370.8408,1371.7213,62.98918504,2.790892711,146.6952632,14.81602882,14.66586869,14.71850461,14.90260924,15.03191728,239.4006946,18.16321769,2.544864049,-0.173830077,0.483476311,chang7,3
正45,1371.7213,1372.7373,62.61517588,2.743759203,123.5470474,14.24787159,14.14083589,14.11242154,14.1982832,14.27212715,234.4352539,15.18560696,2.512540658,-0.066685809,0.367735239,chang7,2
正45,1372.7711,1374.4305,65.6838437,3.046835112,130.0546052,21.57413657,20.24702068,19.804372,19.09314421,18.97311646,224.9550834,15.31453224,2.543639183,-0.107167384,0.40027303,chang7,3
正45,1374.4305,1377.2414,66.96098087,2.965816673,136.6643044,16.83858595,16.08331831,15.83125491,15.42827822,15.37424773,230.6823895,15.58828896,2.53340969,-0.138627625,0.433321521,chang7,3
正45,1377.2414,1388.5866,65.88417412,2.80232506,147.4839204,19.44236199,18.86641197,18.81474836,18.35507979,18.31128274,226.6876379,16.27060201,2.520025757,-0.158670236,0.487419602,chang7,3
正45,1388.5866,1390.3808,66.81765747,2.747904387,126.1851315,20.6960857,20.01243893,20.14274303,20.07451424,20.03698116,223.1782703,12.74419209,2.528351641,-0.068322817,0.380925657,chang7,2
正45,1390.3808,1392.5139,65.31750646,2.837283241,152.7481905,19.92945934,20.07585608,20.74548889,21.04718244,21.25158083,238.1392801,19.84970139,2.468494317,-0.15185573,0.513740952,chang7,1
正45,1392.5139,1396.5461,58.87809899,2.774490092,118.7813023,21.55943649,20.85262011,20.61704577,20.29301113,20.08452776,235.3001268,16.75291784,2.457033092,-0.028927907,0.343906516,chang7,2
正45,1396.5461,1401.0492,61.49010549,2.724704969,161.367625,24.0024851,23.06223771,22.91209383,22.62891726,22.58983795,237.6792978,19.33004432,2.419358687,-0.18193996,0.556838127,chang7,1
正45,1401.0492,1402.1324,61.85780487,2.658839766,140.0992706,38.28665504,35.58320491,36.92015025,36.42871971,36.10828005,229.475473,17.90823148,2.374980116,-0.008369756,0.45049635,chang7,2
正45,1402.1324,1408.0246,64.17601337,2.966734216,229.5495612,25.67176085,25.79923711,26.52201331,25.93733538,25.96482309,248.4130062,23.45024817,2.424384701,-0.192340592,0.8977478,chang7,1
正45,1408.0246,1411.5816,56.74258304,2.977997467,129.2314951,26.56652236,26.39409514,26.83229752,25.62061648,25.41141351,232.4453023,20.61038554,2.557626719,-0.064778136,0.396157478,chang7,3
正45,1411.5816,1413.2409,56.37807166,3.048432101,106.4694221,39.75724461,38.60338543,39.45852462,36.63527364,36.39764172,220.7910269,15.69417029,2.532982142,-0.002354375,0.282347114,chang7,2
正45,1413.2409,1418.2225,60.24767543,3.053973671,135.5558657,23.74617394,24.55289032,25.34940213,24.34577333,24.17538546,239.3477681,22.24137333,2.562637365,-0.096338014,0.427779331,chang7,3
正45,1418.2225,1420.6603,56.51322455,2.638729699,113.2443035,31.44265943,31.59687143,32.09740611,29.78186478,29.64152471,235.1221843,18.06186356,2.512171928,-0.014129189,0.316221519,chang7,2
正45,1420.6603,1425.8073,63.5750752,2.917940143,128.4269755,22.63384432,23.93609701,24.8000161,23.99495901,23.82953933,236.1592503,20.61311116,2.572583478,-0.076518109,0.392134876,chang7,3
正45,1425.8073,1431.427,63.28153219,3.320705844,200.1359102,28.75546167,28.41324063,29.06030271,27.88293053,27.64129039,269.2724569,31.4758562,2.513254266,-0.162401653,0.75067955,chang7,1
正45,1431.427,1440.0628,49.50235117,3.353246076,338.8449169,47.44280355,47.65482001,49.76129423,46.62099355,45.29461187,306.5196483,44.56395167,2.328469714,-0.121355598,1.444224585,chang7,6
正45,1440.0628,1442.161,46.26347811,2.796695372,175.7201275,59.96365422,66.32843991,72.26047897,72.10911429,72.69080037,249.0973748,23.92237203,2.443194858,-0.162774539,0.62860064,chang7,2
正45,1442.161,1451.1168,51.73153248,3.152666642,201.3256655,51.99129608,51.7765184,53.37617164,49.43608573,48.35966595,260.711939,26.8621278,2.446280581,-0.190639432,0.756628331,chang7,6
正45,1451.1168,1452.8092,57.31928062,3.052019527,191.1638145,44.50056044,46.9392101,49.29889584,45.82770006,44.20330993,261.3634052,24.51724386,2.436860422,-0.201498181,0.705819075,chang7,2
正45,1452.8092,1458.2283,58.09110093,3.083063263,263.2001922,39.23296416,39.78742377,41.63762401,40.24912698,39.26804584,291.0269466,34.79222833,2.373735366,-0.184131691,1.066000957,chang7,6
正45,1458.2283,1459.9211,60.20888948,2.933757275,206.0739435,75.72946994,73.35435613,76.88492489,70.52091757,69.14998643,261.7224871,26.02150377,2.412590573,-0.180270094,0.780369716,chang7,2
正45,1459.9211,1460.7339,63.28306421,3.129875402,275.2912699,67.02609348,63.95222219,66.59730975,59.21287187,59.0860672,305.8943151,41.00272751,2.310038865,-0.155816174,1.12645637,chang7,6
正45,1460.7339,1463.5093,66.18574243,2.594113883,211.3026565,43.62153078,43.08028005,43.71823727,39.79339876,39.49134972,275.3152104,28.83404436,2.349065988,-0.172715775,0.806513288,chang7,2
环317,2375.9279,2382.4468,44.57076969,3.058487942,97.41442065,37.79292826,33.67483794,29.5437766,29.50685066,30.29075385,225.6219707,16.70203283,2.624747798,0.002356125,0.237072104,chang7,2
环317,2382.4468,2386.1297,48.63575007,3.25158627,134.7228416,26.25536191,24.09102667,22.28468932,22.04243121,22.28777841,251.7081752,23.72957732,2.6607198,-0.140700673,0.423614207,chang7,1
环317,2386.1297,2388.8382,48.88910642,3.058388751,109.3034446,20.50259652,17.21714878,16.67656015,16.74139491,17.21742684,237.4661898,20.94206263,2.628744426,-0.052790504,0.296517223,chang7,3
环317,2388.8382,2392.6076,49.95305953,3.190892481,138.4256461,36.6498123,28.07682391,25.97065855,25.84136022,26.81531402,242.5968761,22.54460353,2.646017075,-0.146847792,0.442128231,chang7,1
环317,2392.6076,2393.2422,50.19869995,3.112239917,107.9146729,67.89681816,53.67707062,43.67374579,44.46452077,46.61693891,214.4614817,17.68741512,2.631395499,-0.031440604,0.289573366,chang7,2
环317,2393.2838,2401.2434,51.02070911,3.037580791,122.1044425,22.80015693,19.17905834,16.89258075,16.69480292,16.55908105,230.8452881,20.88622469,2.6302921,-0.077246946,0.360522212,chang7,3
环317,2401.2434,2403.0214,51.10982971,2.943889856,121.2739817,25.73454908,22.47320054,19.9421538,18.81293208,18.09691912,226.9991435,20.74090843,2.645049111,-0.067563725,0.356369905,chang7,1
环317,2403.1051,2404.0363,50.6481657,2.988817245,84.85200787,191.8539743,142.4511952,126.0804038,117.6889348,115.2714963,206.1774426,11.26301134,2.671076387,-0.019849932,0.174260038,chang7,2
环317,2404.0787,2407.8039,49.36239722,3.548904257,222.5548605,211.1396636,175.290348,137.893424,143.921872,142.3480855,286.6095246,31.680992,2.505128091,-0.192224767,0.862774297,chang7,1
环317,2407.8039,2408.6506,49.55148983,3.391915798,155.2837734,46.23733139,35.6790781,31.44986534,32.26265192,36.32549357,270.8338432,27.50138402,2.584942937,-0.09467445,0.526418868,chang7,2
环317,2408.6506,2410.3439,49.26658732,3.236418931,223.601239,170.6558736,130.2570358,110.1622676,116.661513,135.1657303,269.5485667,28.39971568,2.568202527,-0.17854372,0.86800619,chang7,1
环317,2410.3439,2412.4612,49.84283702,3.097637428,154.3275782,73.77800051,70.23488426,60.80253601,63.54529911,72.50415209,243.8609127,21.91845989,2.59230872,-0.086805978,0.521637888,chang7,3
环317,2412.4612,2413.8582,49.61991819,2.747752329,100.2804947,83.12978745,77.26744239,63.74137751,66.93665218,76.58429909,229.3971291,17.4440124,2.539919833,0.004223567,0.251402474,chang7,2
环317,2413.9422,2414.705,49.66733333,2.809829371,131.6114535,69.4148298,59.29075841,51.33739362,54.61175973,64.61688668,241.1094317,21.15405955,2.585647549,-0.079226956,0.408057268,chang7,1
环317,2414.705,2418.8949,50.41545999,2.828724173,106.5280552,104.753031,84.38130275,70.31574849,73.53203081,81.1258097,237.6777331,19.73074946,2.542936148,-0.004449171,0.282640277,chang7,2
环317,2418.8949,2421.4351,49.8971692,3.388917185,137.1420615,82.0865682,61.26665134,59.32345817,61.73777426,67.97418376,234.549562,22.70822879,2.671491759,-0.02089672,0.435710307,chang7,3
环317,2421.4773,2422.8742,48.9425443,2.903988043,108.9630464,65.79878298,55.21644529,50.44796626,51.26527341,53.86640994,210.5249545,17.023664,2.658864975,0.023800266,0.294815234,chang7,2
环317,2422.8742,2425.1171,47.59998121,3.145547126,129.8562694,40.54925196,37.70033977,32.35894615,31.56315432,31.19117646,224.9732377,19.78558601,2.641608251,-0.014460428,0.399281348,chang7,3
环317,2425.1602,2425.9223,46.9617266,3.334134068,114.1187461,48.62990243,45.11687143,37.79704394,35.60668618,34.5410505,217.8748583,15.89418943,2.614842551,-0.011402685,0.320593732,chang7,2
环317,2425.9223,2430.368,48.36100419,3.038829301,125.3080587,46.80273443,40.81906056,37.82035003,37.6885758,39.40782202,229.5263235,19.97810384,2.644142802,-0.016827883,0.376540294,chang7,2
环317,2430.368,2431.6818,49.49397087,3.268015405,204.028127,47.94485203,57.56892681,55.7483476,56.05124728,65.01216412,271.5066477,29.95595519,2.60518835,-0.164288561,0.770140638,chang7,1
环317,2431.6818,2439.0036,49.97091827,3.14359773,138.130946,56.51586555,41.65043265,39.31709134,39.54509546,42.44559692,233.5633156,22.39461479,2.650750383,-0.025543593,0.440654729,chang7,3
环317,2439.0036,2442.0106,52.28348755,3.160649099,197.1705914,36.95132454,34.10893707,30.79605034,30.50303749,31.93376427,270.3027979,28.24576042,2.551149035,-0.166296579,0.735852964,chang7,1
环317,2442.0106,2443.8713,50.22797585,2.983400285,96.83195424,157.4391148,125.830615,100.2985673,97.75700581,99.0540688,215.5377254,14.8300792,2.619380787,0.009078988,0.234159773,chang7,2
环317,2443.8713,2444.8871,48.22533078,2.971922265,126.9990989,50.47911029,40.63806237,34.96742948,34.7915376,38.24822574,222.7600861,18.8887132,2.630838739,-0.009098221,0.384995494,chang7,3
环317,2444.8871,2447.0461,48.45180257,2.930327045,110.3140746,42.49616792,40.87241872,38.13868173,38.15154277,39.05392308,220.4519721,18.2492129,2.619838304,0.045582209,0.301570376,chang7,2
环317,2447.0461,2449.5438,48.60765548,3.240636258,127.9740027,38.81412352,36.89677593,33.42787043,33.72301102,35.7973572,226.6849133,20.59180877,2.65269141,-0.006309615,0.389870012,chang7,3
环317,2449.5438,2450.7715,49.05924641,3.017458699,119.2787226,97.40654824,79.35340049,67.55542166,68.19770536,73.52226673,222.9408833,18.36558897,2.60748705,0.022353741,0.34639361,chang7,2
环317,2450.7715,2452.6336,48.33177519,3.417415991,138.7115731,53.49271512,46.38371348,40.60588586,40.95379686,44.81594217,232.9685812,21.25214469,2.620467275,-0.033320913,0.443557868,chang7,3
环317,2452.6336,2455.2164,41.87876857,3.487900561,259.1167075,218.4362991,153.733103,124.0499892,129.9373901,148.0181354,274.324071,29.38466679,2.523025664,-0.198237832,1.045583538,chang7,1
环317,2455.2586,2456.0207,39.83283779,2.833278077,158.2811563,146.5789691,80.68737303,67.33798872,71.37809644,80.71961512,230.5718318,18.58031464,2.55568191,-0.103635736,0.541405784,chang7,2
环317,2456.0207,2457.8149,39.80000305,2.614078871,221.6223989,33.87073619,31.22562091,31.17604561,31.16085447,33.03004112,231.8617076,19.56430486,2.54946537,-0.193497639,0.858111989,chang7,3
环317,2457.8149,2459.5338,39.91265513,2.915629069,238.3962423,203.56881,174.2229635,135.0625982,133.6984159,129.3188553,228.5682658,20.44749374,2.499453958,-0.185627488,0.941981216,chang7,2
环317,2459.5338,2462.5819,39.50070221,2.944003563,235.6979944,44.39076035,38.06975624,35.35788513,35.94150894,39.52073631,250.4392438,23.89764153,2.505220985,-0.200339548,0.928489969,chang7,3
环317,2462.5819,2463.6826,39.55027695,3.162463164,151.4320175,56.99809837,41.40012169,37.08991566,36.99922829,38.68461933,235.5782623,22.39152317,2.551037645,-0.055268614,0.507160085,chang7,2
环317,2463.6826,2466.3499,40.73521909,3.236389117,186.5718828,36.64710513,32.70468512,30.07289912,30.11123857,31.55909486,251.8898156,24.95751216,2.524661443,-0.128046459,0.682859417,chang7,3
环317,2466.3499,2469.5336,41.37307211,2.691864289,226.3747817,123.388905,95.73985778,85.11822099,94.60587846,128.8224486,235.3567581,23.47095783,2.385473554,-0.167330367,0.881873903,chang7,1
环317,2469.5336,2485.9255,44.21070729,3.435228996,332.6041098,807.227527,758.9850788,647.6792106,642.2263485,834.4752145,307.7500276,36.9304531,2.323786251,-0.200756446,1.413020552,chang7,6
白244,2102.0674,2104.0256,94.74974509,3.105352935,124.0020348,11.08404117,24.05557066,20.0570822,17.74119987,15.23512954,252.4200089,18.19139994,2.492370577,-0.167480833,0.370010174,chang7,5
白244,2104.0256,2111.6982,78.22142078,3.238999982,93.60208561,44.8606935,54.29560981,56.20471954,52.61748726,47.38764677,220.8883647,10.72757582,2.524499993,-0.029239321,0.218010428,chang7,2
白244,2111.6982,2115.6408,72.35681615,3.134466677,87.61391518,48.71331198,55.97252424,56.45642425,54.84405414,52.33129085,231.5377008,11.96506357,2.490693952,-0.035936127,0.188069575,chang7,4
白244,2115.6408,2119.1062,83.96210138,3.264765509,89.72603107,39.91953074,42.61787599,41.75375498,40.13419329,38.30605185,222.6652627,10.37493109,2.57741725,-0.058007989,0.198630155,chang7,2
白244,2119.1062,2124.028,83.33303299,3.246139985,88.03770676,45.89154758,54.10166788,54.29975948,52.68503761,49.79783282,221.3437485,10.55378751,2.534594989,-0.024150462,0.190188533,chang7,4
白244,2124.028,2133.6318,87.01965841,3.282237169,92.11338601,39.42328194,44.0450538,44.20704749,43.54910912,42.09223982,221.5739196,10.32619739,2.56548589,-0.035941118,0.21056693,chang7,2
白244,2133.6318,2148.3366,98.23860694,3.539363865,133.232908,34.77546899,37.52873866,36.82405055,35.91771352,34.48562343,240.0659694,13.44890252,2.606294119,-0.215407385,0.416164541,chang7,3
白244,2148.3366,2162.4926,89.36370769,3.425019296,204.2523596,48.22171955,55.94953871,57.4629301,57.91962286,55.45724363,262.3533913,16.49195263,2.516706138,-0.289148553,0.771261797,chang7,3
白244,2162.5527,2166.3119,87.7116965,3.113616113,256.9722649,32.94908373,35.24829665,36.89267761,37.9557612,36.01632623,263.9885973,17.23574506,2.482822572,-0.297902982,1.034861328,chang7,1
白244,2166.3119,2179.9727,81.19878873,3.16530364,284.3880089,44.62545176,56.44499802,61.33510173,64.81250244,60.03894911,269.7430747,19.47631808,2.420180906,-0.274514413,1.17194004,chang7,1
白244,2179.9727,2197.9894,77.72395062,3.31221103,154.7624611,91.0293241,120.0070397,125.5925061,119.4212353,110.0385526,267.3404506,19.46617725,2.498702074,-0.239811202,0.523812304,chang7,3
白244,2197.9894,2201.5791,94.86348063,3.227863312,102.1826795,63.57584991,72.13606313,70.42132645,67.03180771,62.92301954,227.9306091,12.63279996,2.559949994,-0.115233415,0.260913398,chang7,3
白244,2201.5791,2215.1933,94.63844549,3.43984818,107.4680554,32.26104832,34.37122369,33.87861092,33.32524933,31.98406467,219.790884,10.40440908,2.644325462,-0.130621863,0.287340278,chang7,3
白244,2215.1933,2223.591,83.91561172,3.365122052,208.1748316,97.9279411,178.1310276,187.7462628,220.317494,218.9250949,273.4720708,21.20534998,2.416626453,-0.280103028,0.790874158,chang7,6
白246,2187.4983,2189.6674,91.84071732,3.288723707,86.84299427,28.79981592,29.20547771,29.12096416,29.09314452,29.09918446,219.5705829,16.63354593,2.615166558,0.013976429,0.184214972,chang7,2
白246,2189.6674,2204.9731,90.42562345,3.34911863,148.0547152,38.29025887,38.26418201,38.05350898,38.1326833,38.11846189,256.2582086,24.68687385,2.540128165,-0.074222604,0.490273575,chang7,3
白246,2204.9731,2211.3387,70.9875167,3.412993949,367.4989451,186.7211403,152.7041224,152.0511187,159.4048846,160.1233422,308.1878856,36.93842682,2.315630982,-0.085991537,1.587494725,chang7,6
白246,2211.3387,2213.1675,69.69527626,2.815689906,372.4088802,39.54048711,39.40461892,45.44365656,51.80038893,60.25417411,263.9939632,28.30268443,2.405826524,-0.116619341,1.612044401,chang7,1
白246,2213.1675,2219.5344,68.4996715,3.485360998,329.2286218,466.5045972,446.6653026,360.477159,236.277298,235.7929644,263.7576168,27.06241666,2.42968783,0.010742462,1.396143104,chang7,3
白246,2219.5344,2223.1253,78.4120697,2.909147596,129.1094559,88.49466947,101.3014508,109.2701626,106.8804624,116.5100938,234.9439082,19.57561067,2.513868157,-0.009889439,0.395547279,chang7,2
白246,2223.1253,2224.8879,85.66352386,3.146011066,226.684201,40.21351204,38.68879751,45.10079193,48.77784144,54.17747974,275.6612966,26.45883878,2.45327425,-0.028123862,0.883421006,chang7,3
白246,2224.8879,2227.4602,84.66091295,3.03395578,125.1127517,56.08198807,69.62628425,74.26295194,77.33755875,82.94977101,239.0956802,22.37340918,2.50926578,-0.00659822,0.37556376,chang7,2
白246,2227.4602,2229.2896,86.36131382,3.109461233,182.3377628,51.99248803,80.71579313,86.03078318,95.62397695,102.4640644,265.2935658,27.37394452,2.463407874,-0.034360944,0.661688812,chang7,3
白246,2229.2896,2230.3716,84.94502106,3.148245311,129.5626457,73.23626709,110.3677071,110.0663887,116.6547737,123.2525833,229.3095612,20.31274662,2.50640614,0.010800575,0.397813222,chang7,2
白246,2230.3716,2234.4366,85.87980158,3.194373033,164.5503515,55.61952894,61.48510153,62.08479174,62.07837133,63.72866423,262.5150286,26.60683206,2.494951353,-0.004253213,0.572751757,chang7,3
白246,2234.4366,2235.8589,82.36934217,3.048114936,123.8892352,140.9061171,140.9046186,142.567723,141.4650097,140.8704357,241.4303093,23.20413891,2.508238991,-0.003497631,0.369446173,chang7,2
白246,2235.8589,2237.2136,80.26802508,3.18280975,156.9085922,168.910895,194.3137296,192.7421125,191.4614728,190.7781436,266.8842239,28.25176525,2.480363945,-0.061040581,0.534542963,chang7,3
白246,2237.2136,2238.5692,81.94288699,3.038802942,128.7785168,108.8433329,114.4080391,114.320598,114.2991085,114.2728176,249.1684748,23.00642792,2.516722043,-0.042002087,0.393892584,chang7,2
白246,2238.5692,2239.1778,84.36937714,3.064531446,144.7271907,95.14611308,94.9307874,95.00931168,95.12177277,95.10831324,258.0268987,25.8856144,2.5178262,-0.053818998,0.473635962,chang7,3
白246,2239.1778,2242.2934,83.36901709,3.009648837,133.3017126,85.19916989,98.32429343,97.71795654,97.83213322,97.90545625,255.2456137,26.05456602,2.511518992,-0.031627421,0.416508566,chang7,2
白246,2242.2934,2250.6933,78.48152722,3.213310273,138.7610872,132.1997811,143.4869779,143.360622,143.5115039,143.547868,249.009964,25.03030802,2.51290429,-0.008798493,0.443805435,chang7,3
白246,2250.6933,2254.2174,79.04704153,3.224642022,205.3629766,281.5494122,273.3045895,261.4114817,207.6954629,201.6189492,292.524162,32.96486545,2.362359178,0.014447695,0.776814882,chang7,1
白246,2254.2174,2256.1784,86.94676478,3.105628238,103.1567993,104.8485444,86.96556046,86.67564033,86.9676379,86.96724162,222.2185041,15.16507654,2.577245235,-0.003647543,0.265784001,chang7,2
白246,2256.1784,2257.6009,87.29839325,3.367719193,159.4310411,138.929678,132.6602828,132.4730263,131.8318214,131.7194856,269.5152372,23.13649368,2.480893473,-0.138335376,0.547155206,chang7,3
白246,2257.6009,2262.8839,94.5189122,2.798880605,102.5064653,81.54840339,83.5440452,85.21483408,85.45756863,86.00169426,231.4277212,17.42864622,2.49731274,-0.003473011,0.262532327,chang7,2
白246,2262.8839,2264.3063,104.4869665,2.45101884,186.0213521,7.771760702,8.628974319,9.081500332,9.30279239,9.388420582,275.9546356,22.42367792,2.464714368,-0.259794253,0.680106759,chang7,5
白250,2049.0503,2050.1364,61.1964798,4.075546408,127.5065247,15.80801945,19.92601109,22.496982,23.54778233,24.20532551,272.595787,33.51787357,2.473297668,-0.050718483,0.387532625,chang7,1
白250,2050.1364,2051.6255,61.06179927,3.871700819,111.8223214,27.02262071,31.00083424,35.34581126,32.50503437,31.81150965,241.2924687,26.26657603,2.625449878,-0.005308212,0.309111604,chang7,3
白250,2051.6255,2054.469,62.19424502,3.836121341,127.0755377,34.03179963,36.96479487,43.62251616,40.54872028,41.09017515,276.3873927,34.42544238,2.56362325,-0.048552423,0.38537769,chang7,1
白250,2054.469,2056.427,61.52484826,3.851346956,102.6908991,25.43868289,30.14876568,33.33200376,30.65683202,29.91849456,239.7190695,24.63954095,2.625102758,0.0040861,0.263454495,chang7,3
白250,2056.427,2057.4854,62.05221176,3.725651873,120.6648509,14.79613325,16.305853,16.38941288,15.5854916,14.93842475,252.530426,24.50918982,2.62883483,-0.073910249,0.353324254,chang7,1
白250,2057.4854,2063.1468,60.40739109,3.477999428,89.09173053,41.40383559,40.55520816,41.70146171,39.28259294,37.96164401,231.4020933,16.87379717,2.592803261,-0.017824868,0.195458652,chang7,2
白250,2063.1468,2064.3115,61.55528526,4.085377383,112.3546509,14.7533514,16.44713697,17.7875927,16.96190147,16.74198151,240.1227585,23.62537346,2.451806474,-0.030898557,0.311773255,chang7,1
白250,2064.3115,2065.8981,61.1021644,3.59554037,104.9018849,23.75962789,27.3795805,27.35108921,26.1137446,25.14210374,227.4396035,20.26414449,2.62723468,-0.016638758,0.27450942,chang7,3
白250,2065.8981,2067.6976,59.85101522,3.637158394,93.91021118,27.2531559,33.19569778,31.7336132,29.92531039,28.30601641,224.913148,16.79184189,2.578654655,-0.021529546,0.219551057,chang7,2
白250,2067.6976,2069.7613,62.07671822,3.960761017,119.7588904,12.57516236,15.19542567,15.92165873,14.83012025,14.22547574,250.1936951,27.35910193,2.472511133,-0.037621403,0.348794449,chang7,1
白250,2069.7613,2071.7729,62.11919942,3.726767905,87.63598812,35.90677379,42.94673937,55.0482824,49.49337684,49.97993795,215.0152363,17.64192233,2.636169798,0.021908599,0.18817994,chang7,2
白250,2071.7729,2076.0059,61.78516617,3.909296887,113.2945897,21.43593941,26.06576691,29.3988902,29.08204231,29.59243976,237.06299,24.00550504,2.60013489,-0.025099184,0.316472948,chang7,3
白250,2076.0059,2078.9693,63.36357773,3.866866741,185.1836276,52.29500778,52.98889931,72.17898842,68.22244133,73.44413589,255.1610577,28.69084007,2.549706364,-0.101947471,0.675918136,chang7,1
白250,2078.9693,2085.4939,60.15825941,3.318519691,191.1623682,69.11708242,56.53503339,111.1601383,117.8801212,140.3414209,256.1008105,25.18930126,2.474431339,-0.181990038,0.70581184,chang7,1
白250,2085.4939,2086.5775,52.28555374,3.627305388,148.5442307,69.19076118,84.12021294,169.2092697,179.6453598,189.9699921,227.1050934,21.8180563,2.599327397,-0.070438067,0.492721152,chang7,2
白250,2086.5775,2101.4514,55.64054788,3.970999926,313.7525208,73.85996416,70.8995447,98.48705242,90.33580562,91.67880974,269.3500505,31.93360842,2.421537278,-0.161546672,1.3187626,chang7,6
白250,2101.4514,2102.9399,61.79178297,3.656135009,130.7003247,80.54316183,91.08097076,142.9884902,128.8731713,135.017013,226.9153924,18.39391386,2.544210104,-0.061096206,0.403501623,chang7,2
白250,2102.9399,2107.9138,61.42574366,4.001417311,258.106896,247.591721,144.9248186,224.1444862,189.4844042,186.0558965,278.3214815,33.67210244,2.429820375,-0.16537975,1.040534482,chang7,6
白250,2107.9138,2110.4194,58.10695539,3.611275662,134.5611354,149.0826694,133.1533576,207.541612,161.3543623,155.6177239,245.267015,24.68594279,2.520424445,-0.050829818,0.422805678,chang7,3
白250,2110.4194,2114.7015,59.79718508,3.619280849,88.2912493,78.89944839,83.30648749,88.77017452,81.3982581,76.00429742,215.0581896,17.27885036,2.542175075,0.024651886,0.191456247,chang7,2
白250,2114.7015,2117.0154,59.82666378,3.594373703,193.1138016,67.76064034,72.19214058,146.0519901,119.5824343,125.2314697,258.0190987,27.87795124,2.45003072,-0.147459679,0.715569006,chang7,1
白250,2117.0154,2119.7671,59.17382348,3.528292324,163.2544363,57.23035613,62.86846294,77.02195192,67.74815186,66.72234411,240.7100863,24.55861946,2.524803721,-0.106823056,0.566272184,chang7,3
白250,2119.7671,2121.7079,58.21911015,3.356624211,93.37432906,63.02020286,68.08446839,81.93336105,72.67765023,70.71262158,221.857289,16.07389226,2.547552277,-0.008173234,0.216871644,chang7,4
白250,2121.7079,2123.3986,61.68384654,3.646753931,124.2726715,60.48578796,60.58296916,76.2424085,70.70733821,73.48906199,249.388855,24.63992449,2.518659655,-0.037299117,0.37136336,chang7,3
白250,2123.3986,2124.9163,58.07041902,3.481014582,98.96923476,49.21875734,57.52491702,75.14994343,70.4862668,71.90377514,231.7399738,20.17922783,2.555369561,-0.007178736,0.244846171,chang7,2
白250,2124.9163,2140.5912,62.10299065,3.89179804,114.7505775,34.95024398,38.13726365,40.62701416,37.55032647,36.06333324,236.2353669,22.0146889,2.621809732,-0.079589408,0.323752887,chang7,3
白250,2140.5912,2146.6866,59.47847778,3.674091263,98.54101547,29.96214195,34.5523069,36.99249252,34.79391609,34.03621166,208.9727194,15.33259075,2.643350983,0.004531846,0.242705078,chang7,2
白250,2146.6866,2157.7967,54.94213956,3.662253417,99.2144338,31.68351176,38.93271061,43.59948722,38.87516306,37.69416256,220.403547,16.90820487,2.608405193,-0.014998419,0.246072168,chang7,2
白250,2157.7967,2160.3003,56.1972015,3.867708081,117.9168443,38.05633845,48.47614434,50.57122494,46.29690797,43.82403528,239.808011,21.26650792,2.600595554,-0.045314366,0.339584222,chang7,3
白250,2160.3003,2162.0996,60.23918152,3.672752968,193.8859975,92.57885399,111.8842983,148.9338977,127.6928871,128.1157576,303.732487,34.36173337,2.3869404,-0.216761753,0.71942999,chang7,6
白270,2057.0561,2059.4266,180.0822357,3.002859557,231.4327969,19.51473908,31.04346442,40.3133358,51.30269957,54.84213629,283.008197,34.28680716,2.23166132,-0.08399706,0.907163991,chang7,5
白270,2059.4266,2064.8868,178.1619609,2.910953916,259.4023604,24.85827849,33.18176509,41.2750622,49.24521052,53.03356171,254.4560716,26.85642264,2.431979932,-0.102638968,1.047011795,chang7,1
白270,2064.8868,2077.7566,182.4561308,3.332259006,356.2588156,85.11398281,136.9034002,139.4578502,150.9889912,153.8584543,268.3119477,31.44446091,2.388559174,-0.000807605,1.531294084,chang7,6
白270,2077.7566,2080.0316,181.5936223,3.030882045,243.4328665,89.15556115,134.0876409,128.8186296,135.0350607,136.7268508,250.0710473,32.57237966,2.438720502,0.101499112,0.967164341,chang7,3
白270,2080.0316,2088.0436,184.6240565,3.221899223,302.2996286,44.48762483,69.23182485,77.10645646,87.52155556,91.28939203,275.6674751,31.68585085,2.416920878,-0.016628902,1.261498143,chang7,1
白270,2088.0436,2094.3086,173.7486459,2.694669036,111.0348418,59.51350485,141.853633,182.8814884,205.3119539,201.7586592,222.4083129,22.15437971,2.477292491,0.016039718,0.30517421,chang7,2
白270,2094.3086,2100.3948,169.2384454,3.02199182,274.8640714,26.61477549,30.98817528,31.66401558,32.31849234,33.03790314,254.9199304,25.22564816,2.468908095,-0.093969271,1.124320356,chang7,1
白270,2100.3948,2116.7983,174.0208155,3.204934234,297.2221884,41.37258514,65.51843952,74.73960939,88.69723425,93.07477853,283.2837445,31.36354348,2.382602672,-0.006519714,1.23611094,chang7,6
白496,1856.1578,1862.251,58.93120789,3.282668343,149.521774,28.80256569,28.68168373,28.90126816,28.96757412,28.8220472,253.612825,22.70045261,2.603457255,-0.194569997,0.497608873,chang7,3
白496,1862.251,1862.803,56.87094879,3.189975262,154.8511444,22.41384583,21.46686974,21.32076416,21.69450912,21.67222214,272.352002,25.86107521,2.449886274,-0.231000164,0.524255711,chang7,5
白496,1862.803,1877.1114,32.75608919,2.479732627,80.93675942,43.40114955,43.86407414,45.096012,45.03346514,44.29554052,230.4231989,11.823076,2.515140828,-0.047338432,0.154683797,chang7,4
白496,1877.1114,1880.0323,48.44506089,2.679936657,95.30202579,34.32116898,34.83698742,35.29829915,35.14539178,35.27692755,230.6183573,12.74153447,2.557768265,-0.0684305,0.226510128,chang7,2
白496,1880.0323,1882.36,59.12087116,3.005349672,106.2246151,28.60079708,28.3871747,28.12759333,28.07690315,28.17300262,223.8178871,13.66773643,2.649573147,-0.097498838,0.281123073,chang7,3
白496,1882.36,1883.6723,61.08159291,2.784339883,92.15123333,31.76361327,32.02878415,32.88842652,32.91549804,33.02454931,220.7440213,11.66235742,2.585131927,-0.047700863,0.210756168,chang7,2
白496,1883.6723,1885.9158,61.43645879,3.099611947,119.4897268,25.5194137,25.0644465,24.65142521,24.57977325,24.5501963,227.9399286,16.32254641,2.654870573,-0.133956288,0.347448635,chang7,3
白496,1885.9158,1887.5244,56.20881598,2.742272156,96.01058524,34.0359963,34.83930424,35.83194528,35.79886123,35.87149239,228.1780025,12.1962347,2.555236595,-0.07305885,0.230052926,chang7,2
白496,1887.5244,1893.8744,61.20307335,3.148665887,117.3609043,28.08009584,27.71058196,27.41970528,27.34045506,27.323326,223.6372833,14.27309731,2.649039544,-0.136887325,0.336804523,chang7,3
白496,1893.8744,1896.499,63.63036104,2.821180994,88.20575853,39.24904641,40.35473069,41.44975758,41.40600889,41.38509568,216.1855129,10.74587354,2.565625711,-0.037981199,0.191028791,chang7,2
白496,1896.499,1897.3879,57.17458057,2.930144757,102.8647614,33.58585024,33.97126293,33.64330888,33.24009371,33.32312346,220.3289452,13.53875506,2.628491223,-0.070611326,0.26432381,chang7,3
白496,1897.3879,1899.5469,45.78997231,2.678793324,88.40905423,38.9269229,40.0719827,41.18620449,41.26957088,41.16520776,226.6314273,11.90084802,2.54526178,-0.047608479,0.192045271,chang7,2
白496,1899.5469,1905.9814,57.03808271,3.282626551,135.1824348,31.78067919,31.52644546,31.35237386,31.46097268,31.52200292,239.5537057,19.10461622,2.636603346,-0.183342105,0.425912174,chang7,3
白496,1905.9814,1910.2985,53.29106882,2.709580263,99.27100182,35.55337143,36.19777234,36.69203843,36.68019952,36.77981748,228.1273053,12.52722295,2.551288856,-0.068788503,0.24635501,chang7,2
白496,1910.2985,1910.8911,52.30097389,3.088815769,152.0747528,32.18055789,32.66916847,33.09337743,33.35369746,33.64730199,237.4246216,17.72626781,2.598617673,-0.143499701,0.510373761,chang7,3
白496,1910.8911,1911.908,51.82165146,2.786031167,104.8753365,33.40553856,33.93696488,34.50011635,34.57777278,34.86892425,233.9324985,13.54319933,2.54765145,-0.075269145,0.274376687,chang7,2
白496,1911.908,1912.7123,52.94888633,3.226697343,130.5223803,27.51327978,28.01230049,28.24141257,28.0149983,28.26918384,237.091459,16.99770464,2.630144187,-0.098565692,0.402611903,chang7,3
白496,1912.7123,1913.6023,54.98324966,2.902681142,111.1867208,32.66293812,33.47190642,34.35010886,34.31680608,34.69672823,230.58251,11.90184975,2.563742131,-0.103762649,0.305933606,chang7,2
白496,1913.6023,1924.5665,59.2061675,2.90369785,108.3910677,23.1758251,23.12418914,23.11074368,23.14071797,23.114118,223.1909265,11.18624985,2.616843789,-0.131156558,0.291955338,chang7,3
白496,1924.5665,1926.6835,55.00681029,2.750689798,87.12157737,27.6889996,28.81503995,29.99742317,30.06418345,30.065613,225.3942812,11.59799216,2.554358708,-0.047348515,0.185607888,chang7,2
白496,1926.6835,1940.2184,64.84644234,3.002686037,128.5234448,25.67795227,25.53592139,25.45005419,25.47229674,25.33678653,228.107703,14.73166999,2.630575782,-0.182074675,0.392617225,chang7,3
白496,1940.2184,1942.4722,63.60393123,2.809060147,206.8686909,33.9138036,32.96182201,32.21359313,32.33368823,32.35189498,241.4194135,17.56931149,2.518837891,-0.243616468,0.784343453,chang7,1
白496,1942.4722,1944.3242,62.62035441,2.43675451,182.8745985,47.63976312,48.83364415,49.75387836,49.86435032,49.94158769,230.9665651,15.40983635,2.485895172,-0.241454745,0.664372995,chang7,2
白496,1944.3242,1949.9795,60.57684923,3.174030947,127.1933333,42.30308508,43.11062083,43.61752253,43.32804572,43.03679781,222.3204074,13.00750103,2.630579923,-0.173800986,0.385966667,chang7,3
白496,1949.9795,1956.2765,59.42207344,2.909752292,301.6556118,45.50362389,43.84274834,43.11805168,43.4770249,43.11644506,270.5321138,26.22676636,2.386214499,-0.223207143,1.258278065,chang7,1
白496,1956.2765,1966.7008,54.66788614,3.417558744,455.7568354,121.5589475,134.2239191,152.6668062,158.2592973,163.2389802,339.387999,41.67837477,2.167512027,-0.225181709,2.028784191,chang7,6
白496,1966.7008,1968.2358,59.19519336,3.000041595,158.0915727,54.76665042,68.33652042,93.81922091,96.75248175,95.26481848,281.0633334,20.25002091,2.470948311,-0.274594102,0.540457864,chang7,3
白496,1968.2358,1969.9304,61.83298035,2.627104584,169.089357,21.78926888,20.97704341,20.29800555,20.21171614,20.08743623,272.2746155,20.27715594,2.515271139,-0.277041811,0.595446789,chang7,5
白518,2041.5584,2066.7945,7.811237097,3.408383626,100.0559347,24.17714206,21.95260751,22.20421435,22.46260888,22.37484912,70.32715396,22.01496312,2.648476972,-0.042222987,0.250279674,chang7,3
白518,2066.7945,2074.9929,3.638607788,3.610491696,134.2725202,123.249145,81.16655423,91.27845319,95.0785776,97.84736774,83.15517668,34.659731,2.505355638,-0.086056498,0.421362601,chang7,3
白518,2074.9929,2078.6505,6.220828934,3.46927351,143.0338664,92.30111027,67.53913654,73.65530865,76.17194111,77.2794157,79.1594809,34.55926655,2.52872673,-0.105216448,0.465169331,chang7,1
白518,2078.6505,2084.5426,4.947805214,2.858249354,92.94190454,48.10043879,40.0201436,44.56203628,45.41959925,45.15549803,67.16880097,19.28456287,2.630864325,-0.021552485,0.214709522,chang7,3
白518,2084.5426,2096.9371,4.766359651,3.274141205,113.8494333,65.51208899,58.78876734,65.24527736,66.18536248,64.76773257,69.49199596,22.32313646,2.575700427,-0.070387739,0.319247166,chang7,3
白518,2096.9371,2101.611,1.470867278,2.710059745,65.96444914,43.48589985,53.52930357,67.04922464,70.48437567,73.39345569,67.97863733,16.15015687,2.519669393,0.034831738,0.079822246,chang7,4
白518,2101.611,2108.8583,3.136592009,3.256376429,148.3133378,34.68561398,43.41814765,49.34617391,52.29489379,54.04715898,74.72919456,27.54298541,2.575577568,-0.061456691,0.491566689,chang7,3
白518,2108.8583,2117.1247,6.171595771,3.509524734,112.0871856,19.27276316,21.77026735,23.38735309,23.98644858,24.42559826,74.61252278,29.04207207,2.636622513,0.041210274,0.310435929,chang7,3
白518,2117.1247,2125.3875,8.199634827,3.302453376,278.9723076,24.52181776,27.60594627,30.06373691,30.56972212,31.12145972,82.40377333,34.59534231,2.382854322,-0.12514644,1.144861542,chang7,1
白518,2125.3875,2137.1056,-4.56715907,3.52138893,358.2572638,98.02020462,82.89656928,99.19891467,106.7770002,110.650688,94.37411708,44.65304151,2.252924552,-0.116496699,1.541286322,chang7,6
白523,2027.4894,2028.97,54.3707607,3.070980365,94.29064883,161.8440247,136.1474865,112.2434059,113.1147329,109.181319,226.5578778,16.97357816,2.566227583,-0.028004618,0.221453244,chang7,2
白523,2028.97,2034.9826,52.1013337,2.825217529,88.15523981,133.0031599,124.5422829,107.0699303,104.9621207,102.4811507,223.8494443,16.7164329,2.524532342,0.01375996,0.190776199,chang7,4
白523,2034.9826,2041.7125,60.04685475,2.991737994,109.7869679,71.78540566,63.62347006,53.52567676,52.86617078,51.64122148,233.3412767,20.08847431,2.596816466,-0.059922388,0.29893484,chang7,2
白523,2041.7125,2043.0241,59.67789806,2.735362573,84.12686088,182.5866214,171.3777161,120.81822,109.5515636,97.51797277,226.6838962,15.82855363,2.498623761,0.003905519,0.170634304,chang7,4
白523,2043.0241,2044.8873,61.11523247,2.747783467,123.5686612,61.46031773,57.43177581,44.48518717,45.56334412,43.65447605,242.7907906,22.94540524,2.584479704,-0.049475387,0.367843302,chang7,3
白523,2044.8873,2046.7924,61.28617883,2.883797646,97.02409983,388.8284519,288.8608592,156.0149543,156.7566161,103.945662,227.920681,15.89884984,2.536565632,-0.013000994,0.2351205,chang7,2
白523,2046.7924,2049.29,60.8408412,2.762480736,121.3433351,34.94742975,30.59350963,28.04591815,28.23466932,28.01188537,234.4252399,19.05641442,2.608759074,-0.111368359,0.356716675,chang7,3
白523,2049.29,2055.5129,59.58055489,2.724944428,96.07077086,89.85522753,84.71844318,59.64450343,59.75920486,52.97745619,225.2642068,15.9541994,2.52698594,-0.008899658,0.230353854,chang7,2
白523,2055.5129,2061.2277,61.33505411,2.833970521,125.2603838,66.38086441,54.29492102,44.19934796,41.31702452,38.85962515,232.5787772,17.72147718,2.586375713,-0.130537217,0.376301919,chang7,3
白523,2061.2277,2063.4291,58.5849772,3.066708151,107.5150086,57.33744159,45.29283775,39.38405428,36.33439325,35.67211282,239.2389406,21.6077126,2.451014945,-0.049695833,0.287575041,chang7,5
白523,2063.4291,2075.1129,53.64925458,2.672114568,91.75873923,122.0216176,101.0589867,81.00544678,79.61913945,76.68434938,229.4084953,16.99694964,2.531631178,0.006606511,0.208793696,chang7,2
白523,2075.1129,2081.9707,59.96900184,2.861813396,109.7499851,53.57783202,44.16203584,37.89114124,37.41313008,35.85526865,222.8723638,17.77509109,2.629448955,-0.057572493,0.298749924,chang7,3
白523,2081.9707,2091.1992,56.85801544,2.703033072,90.45806615,95.48405014,80.64450272,66.86724182,65.68592265,63.44432022,214.4607509,13.35944944,2.574970942,0.000547166,0.20229033,chang7,2
白523,2091.1992,2104.7031,61.94330618,2.927899619,125.2954528,30.93257241,27.77791812,24.74607514,24.06246339,23.37450014,240.6475424,21.3750225,2.630208521,-0.117586913,0.376477264,chang7,3
白523,2104.7031,2108.5979,59.23463571,2.83514376,166.8539433,293.8289133,320.1051117,185.8599278,203.1254635,203.3358912,262.4350491,24.88146448,2.482028715,-0.21209185,0.584269709,chang7,1
白523,2108.5979,2110.7145,58.87787014,3.059193889,118.8014696,127.8402774,122.1473993,82.18551551,86.03361257,80.00585768,236.7777278,19.56992965,2.565818204,-0.10012987,0.344007345,chang7,3
白523,2110.7145,2113.0537,57.72149582,2.914015639,162.1593201,350.6256231,319.9610209,145.2335041,158.3968865,146.7782918,257.1875954,24.22699957,2.518271387,-0.211983192,0.560796602,chang7,1
白523,2113.0537,2114.5283,57.10327941,2.764496161,140.6476188,53.23338582,46.05843823,37.76469818,39.28435443,40.55853051,261.6254167,24.35265116,2.546447534,-0.172198871,0.453238095,chang7,3
白523,2114.5283,2116.8572,55.41905708,2.779346395,168.9125282,285.3142879,281.2756992,151.8671898,161.4178831,145.4365944,282.1878601,27.82128334,2.483413756,-0.233351605,0.594562636,chang7,1
白523,2116.8572,2121.9364,55.99993052,2.645724932,124.5776623,429.5838915,347.5199259,150.8168664,156.3000756,129.8659064,262.3299052,23.5910184,2.532613737,-0.144901835,0.372888313,chang7,3
白523,2121.9364,2127.0164,58.9662293,2.781734228,163.1202425,49.43101488,43.71960299,39.08758706,38.01745701,37.07732659,268.393514,27.49906445,2.54748408,-0.201049286,0.565601212,chang7,1
白523,2127.0164,2131.726,58.83888382,2.885115544,133.8495953,133.5623881,69.51908224,51.23747674,48.84924052,44.71240983,232.7311433,23.01419278,2.599553316,-0.105970423,0.419247977,chang7,3
白523,2131.8225,2146.0469,58.94811275,2.802507169,302.2173634,119.7610624,75.38013314,57.35611979,59.82672148,60.9137837,264.1659579,28.48783389,2.434898534,-0.18498883,1.261086819,chang7,6
白523,2146.0469,2158.4775,51.20861557,2.962904851,349.3374107,763.2894511,827.767912,523.364458,520.5965724,515.4098923,253.7123729,26.49577943,2.420108974,-0.182290331,1.496687048,chang7,6
白523,2158.4775,2161.7746,57.45973742,2.574137794,153.4119,473.7746576,431.5413671,276.5894535,298.8882932,289.6337164,233.9121082,20.4991572,2.547758076,-0.168856898,0.517059498,chang7,3
白523,2161.7746,2164.6394,60.70597792,2.253171553,93.576636,111.2201392,91.91358566,80.35752058,83.59272051,85.86999846,224.3979778,13.85844127,2.557327876,-0.033469739,0.21788318,chang7,2
蔡22,2112.2682,2114.3348,64.65871429,3.646168404,98.65171009,24.57164256,23.82149442,23.52649519,24.72082965,25.52249887,219.984631,16.17931032,2.627129091,0.024491375,0.243258551,chang7,2
蔡22,2114.3348,2116.5667,69.50989613,3.809917488,117.7598459,24.00418041,24.55457677,24.74269385,26.21450324,27.06409495,223.1519872,18.95135046,2.608952761,-0.043236193,0.33879923,chang7,3
蔡22,2116.5667,2117.8536,68.1341636,3.798296928,99.73569697,29.40415903,30.58679251,31.03391786,32.70539839,33.64271667,218.1628543,16.12028035,2.603984963,0.004220761,0.248678486,chang7,2
蔡22,2117.8536,2122.7692,72.84220581,3.938241088,124.4594198,22.06485529,22.63453298,22.82183933,24.06449986,24.7877315,227.3170666,20.57857165,2.64787091,-0.065475383,0.3722971,chang7,3
蔡22,2122.7692,2123.8294,70.82272678,3.910826259,108.1109746,27.0326394,27.50750415,27.14345423,27.94907655,28.45401976,222.4693705,18.47021039,2.648561981,-0.013572695,0.290554874,chang7,2
蔡22,2123.8294,2125.9464,72.0950258,3.961417503,130.6190906,22.90253682,22.65608131,22.33935123,23.13641845,23.53290346,233.9641613,21.77583472,2.669155333,-0.098634202,0.403095449,chang7,3
蔡22,2125.9464,2126.7401,69.21661377,3.973751545,100.0215705,38.39957946,37.86160823,37.39988817,38.73721913,39.28732409,211.2134683,15.17824377,2.664734227,0.007144634,0.250107852,chang7,2
蔡22,2126.7401,2130.7088,72.33621563,3.902955171,125.6060174,22.15149423,22.99276398,23.30514168,24.44303929,25.05963089,229.8788221,21.68050026,2.663644003,-0.06691141,0.378030087,chang7,3
蔡22,2130.7088,2131.926,71.21720539,3.916815021,105.353621,39.88240554,38.0698993,37.2128934,38.15803684,38.58108226,208.6949047,14.67968056,2.659948891,-0.009270056,0.276768107,chang7,2
蔡22,2131.926,2134.0946,73.74453396,4.039639235,124.0151206,23.44628949,23.57056226,23.26610258,23.76406235,24.15573088,226.6875466,20.23595142,2.661564933,-0.065073305,0.370075603,chang7,3
蔡22,2134.0946,2135.6823,64.13559014,3.62335435,126.6698619,18.79558631,18.99122987,19.0449167,19.94618021,20.55468396,237.1268136,21.86169216,2.631566865,-0.089983325,0.383349309,chang7,1
蔡22,2135.6823,2138.5927,46.07330386,3.586191744,93.58377965,20.82167053,20.1054368,19.72458235,20.31091801,20.71391853,220.4169668,16.24086428,2.586755455,0.016944907,0.217918897,chang7,2
蔡22,2138.658,2148.0222,72.07822393,3.950595652,128.3415113,24.45682247,26.01368646,26.56034567,28.09617369,28.80912098,241.8009457,25.06965976,2.631726723,-0.071897037,0.391707556,chang7,3
蔡22,2148.0222,2150.4577,73.38141174,4.031441522,155.5968887,71.35058384,73.41721926,74.16145029,77.71529531,79.22328186,278.1005432,30.15722637,2.548592687,-0.192350391,0.527984446,chang7,1
蔡22,2150.4577,2151.3377,61.89818096,3.961940587,135.3281269,21.61747169,22.95185494,23.45793414,25.03851557,25.9869504,248.7854729,23.90786719,2.628628045,-0.132933814,0.426640633,chang7,3
蔡22,2151.3377,2153.1009,49.82063115,3.805423435,97.93447164,24.38883133,24.64987488,24.95451368,26.70238177,27.51145325,225.7375905,18.36879718,2.60053695,0.014985354,0.239672358,chang7,2
蔡22,2153.1009,2156.6242,66.6595234,4.078435742,124.9266184,21.00752758,20.71172872,20.70840362,22.08691426,22.85669169,226.5610441,22.41948325,2.667113148,-0.04855184,0.374633092,chang7,3
蔡22,2156.6242,2158.9761,68.72161789,3.902978182,112.0015072,23.33940868,23.09345007,23.05498972,24.34339476,25.08848982,217.0398354,19.43995037,2.674134934,-0.000228444,0.310007533,chang7,2
蔡22,2158.9761,2164.9041,71.04222933,3.98612013,134.1600485,21.74604142,23.600504,24.40269955,25.93493688,26.69556197,243.0071383,26.34206994,2.646847079,-0.082281107,0.420800242,chang7,3
蔡22,2164.9041,2167.5292,69.43851159,3.935153864,180.395358,25.56582301,31.9013961,35.40525579,37.51904886,38.1535759,298.9137802,32.71208989,2.428235141,-0.190184458,0.651976791,chang7,1
蔡22,2167.5292,2169.8992,47.20143661,3.703228629,93.18283997,21.31210117,21.1926465,21.18613405,22.58566837,23.30804176,232.7923279,18.42008967,2.555680311,-0.016521882,0.2159142,chang7,2
蔡22,2169.8992,2174.8939,71.40458512,4.021727015,124.8715342,19.61658938,19.3647881,19.2602854,20.50184808,21.39628922,235.4879322,22.0899206,2.634962367,-0.092480778,0.374357672,chang7,3
蔡22,2174.8939,2181.0871,73.06344799,4.09317917,179.9332817,30.2765257,33.08531279,34.85258783,38.61598299,39.99757281,270.9186677,28.90383754,2.556414805,-0.173627172,0.649666409,chang7,1
蔡22,2181.0871,2188.5388,62.00320272,3.691574726,105.6839632,28.74174143,31.05928987,31.85765914,33.95681115,34.79125101,228.4842649,18.80418763,2.584155911,-0.006423508,0.278419816,chang7,2
蔡22,2188.5388,2192.2621,71.62861412,4.054382147,126.855611,26.7041426,25.36984573,24.8888743,25.78776852,26.32133053,228.6088596,20.1614004,2.659097956,-0.095501879,0.384278056,chang7,3
蔡22,2192.2621,2194.378,67.10626941,3.652518087,102.8362863,34.59323608,32.07067659,30.91125213,31.25633134,31.58960862,223.4207187,17.18042209,2.629711562,0.00386989,0.26418143,chang7,2
蔡22,2194.378,2196.3911,72.47772217,3.968690718,128.211086,28.28366919,28.12141531,27.92499408,28.65665997,29.01841803,232.1566198,21.71647543,2.640714197,-0.095353189,0.391055426,chang7,3
蔡22,2196.3911,2202.487,113.9200496,4.322200513,337.164917,479.4474712,462.7567172,493.1242406,542.157121,550.1603423,324.6032565,39.25610579,2.237583508,-0.211629123,1.435824582,chang7,6
蔡22,2202.487,2202.9577,291.9135437,3.729055882,113.3767181,37.37107449,44.34244232,49.84990883,62.44033432,67.22062912,227.2672577,21.23256817,2.426059723,-0.036229895,0.316883588,chang7,2
蔡22,2202.9577,2204.9828,261.3466483,3.94810009,195.1722946,38.57432663,66.77245488,98.62602009,145.7312952,160.4777246,275.6875844,27.53610835,2.410391513,-0.214961515,0.725861472,chang7,1
蔡22,2205.0142,2207.0248,223.8592054,3.617133688,114.4119285,288.3556676,296.4840766,344.1642308,468.9154896,490.2363829,232.5941584,16.46389355,2.525538066,-0.038736307,0.322059642,chang7,2
蔡22,2207.0248,2209.1416,206.9673886,3.559942908,131.8962216,91.00456821,133.7633915,175.5414367,233.4347945,242.5559586,258.5865758,22.1869315,2.49633703,-0.170273003,0.409481107,chang7,1
蔡22,2209.1416,2211.0992,224.1189028,3.294319167,91.74069663,334.0756932,399.162299,529.0414133,710.1295224,725.5604176,231.6355752,17.58344269,2.473893699,-0.013770799,0.208703483,chang7,2
蔡22,2211.0992,2212.9964,198.8655586,3.220706262,119.8312478,106.1225519,127.2753506,145.724867,176.590956,186.0344517,234.3699989,17.57271224,2.480223432,-0.112651015,0.349156236,chang7,3
蔡34,2142.2526,2147.0402,72.30624413,3.333130803,107.8432914,15.9094571,15.96979595,16.21044923,15.57681144,14.9430775,229.3895581,19.24958396,2.626057427,-0.118447467,0.289216457,chang7,1
蔡34,2147.0402,2149.1335,57.50919368,2.878912013,69.21296376,10.27415378,10.10173347,10.08337922,9.757172338,9.430894474,228.1404971,16.60205871,2.534568195,-0.018242349,0.096064819,chang7,2
蔡34,2149.1335,2168.2366,72.98141521,3.260600182,101.4195613,13.22800622,15.80914198,16.80724888,16.32423068,15.8411236,229.1164147,19.71246657,2.631428064,-0.093186334,0.257097806,chang7,3
蔡34,2168.2366,2172.2166,67.28374849,3.012751138,94.92834261,17.94673254,19.39667204,20.24145232,19.8769971,19.51230233,232.9264266,17.9336932,2.586442343,-0.097489814,0.224641714,chang7,3
蔡34,2172.2166,2176.9672,60.24418294,2.760879707,69.02531546,19.59558213,21.8967306,22.99144664,22.51249954,22.03326988,225.4040699,14.99786636,2.53472909,-0.019967519,0.095126578,chang7,2
蔡34,2176.9888,2179.9521,69.97469088,3.130315519,111.0727874,15.93918626,17.59843984,18.3727872,17.79153368,17.21023681,231.2591318,19.30564741,2.601811799,-0.121733408,0.305363937,chang7,1
蔡34,2179.9521,2182.6407,65.90862192,2.909766371,82.81964895,19.75815639,18.90976184,19.27910784,19.02670474,18.77423993,229.4020716,16.21391688,2.536179433,-0.014720207,0.164098245,chang7,2
蔡34,2182.6407,2183.8811,64.66914283,2.932288872,97.4914555,16.52755509,16.293985,16.36563306,16.18483692,16.00397783,230.817916,18.194696,2.561018599,-0.073797206,0.237457278,chang7,3
蔡34,2183.8811,2188.1143,59.97156699,2.724077392,73.92501811,17.29370927,17.09302002,17.07814767,16.82900712,16.57983049,231.6076778,16.05998017,2.483132969,-0.002685492,0.119625091,chang7,2
蔡34,2188.1143,2192.908,69.10878754,3.079679064,106.1588416,18.95853332,17.60877394,17.20702168,17.05978678,16.91249774,234.5883305,19.13046655,2.581729394,-0.112198891,0.28079421,chang7,3
蔡34,2192.908,2193.8995,68.23323659,3.034039089,78.27389744,15.59542615,15.84110853,16.14051124,15.86859001,15.59666559,234.6372343,17.14813287,2.533788698,-0.013299296,0.141369488,chang7,2
蔡34,2193.8995,2197.658,72.43581465,3.162914987,117.3715425,25.42467544,21.26473137,19.87538899,19.48511582,19.09456846,237.6914948,22.96345741,2.608582899,-0.119159306,0.336857713,chang7,2
蔡34,2197.658,2201.8912,58.337762,2.8228659,76.45189058,12.31611036,12.20564549,12.18218936,11.8773971,11.57250772,233.2516579,16.99625164,2.519118133,-0.012612282,0.132259453,chang7,2
蔡34,2201.8986,2204.9043,69.5749054,3.257242511,119.4816416,24.46187015,22.56942637,21.93840799,21.56130591,21.18403088,234.4877785,21.41262408,2.618629246,-0.046076278,0.34740821,chang7,3
蔡34,2204.9043,2205.7094,74.90728505,3.169207891,156.3842456,32.50238291,31.54890974,31.67847991,31.83211422,31.98437508,266.784584,28.46495708,2.571274122,-0.155543707,0.531921233,chang7,1
蔡34,2205.7094,2206.3038,74.39987098,3.214211596,124.5425313,46.45854992,43.3894488,44.41404427,45.64692137,46.87776269,248.5148383,25.34014871,2.606067843,-0.072118196,0.372712655,chang7,2
蔡34,2206.3038,2207.2775,73.35847637,3.284473981,157.1441432,48.77484213,43.04218319,44.96822412,47.09123121,49.21391487,265.1808428,30.32896464,2.546647123,-0.125025348,0.535720723,chang7,1
蔡34,2207.3195,2209.6055,71.82597523,3.31092633,112.4398378,43.19174625,48.53071662,55.05924803,57.04490206,59.0299167,234.5292225,22.67303608,2.603507688,-0.031032285,0.31219919,chang7,2
蔡34,2209.6055,2210.8339,71.5228092,3.177809603,167.0793601,21.08817342,33.04533319,38.34444719,37.96245452,37.58014354,263.9040168,29.6078995,2.549441478,-0.153577684,0.585396802,chang7,1
蔡34,2210.8339,2211.8505,75.10964101,3.460645835,105.2496806,19.88047549,36.97732811,45.83597666,46.39719543,46.95431264,217.2983999,19.48885117,2.636787828,-0.011563433,0.276248401,chang7,2
蔡34,2211.8505,2213.5824,76.51872603,3.244751592,123.1407057,17.02123455,30.54504538,37.70355328,37.93225908,38.15767829,231.0264867,22.91756169,2.609522184,-0.040141608,0.365703528,chang7,3
蔡34,2213.5824,2215.2341,73.29033462,2.922462712,94.15832254,22.13522654,32.23147492,37.74556939,38.78502522,39.82360599,230.3939408,18.52719,2.551335148,0.014708007,0.220791612,chang7,2
蔡34,2215.2341,2217.0113,73.06558594,3.341866465,127.5686771,31.06521507,28.44634827,28.15175758,29.32698936,30.50127739,240.0368274,22.46128876,2.639830532,-0.06122348,0.387843381,chang7,3
蔡34,2217.0113,2218.9586,73.60815514,3.348406924,162.8640843,38.88990466,32.45050854,32.74430748,35.58893621,38.22454481,261.9003228,28.0616022,2.581444422,-0.16847829,0.564320419,chang7,1
蔡34,2218.9586,2227.7641,76.20180867,3.224471751,156.5998383,34.29869792,58.48611773,89.97120641,115.6650823,131.0172072,255.3163126,29.80150653,2.585248323,-0.105692092,0.532999192,chang7,3
蔡34,2227.7641,2229.6257,76.25171808,2.852966409,93.99695294,23.85885136,45.23477642,59.55992464,62.14729867,64.73061606,223.8037802,19.24384146,2.6031784,0.008666332,0.219984764,chang7,2
蔡34,2229.6257,2251.0037,74.99440013,3.213641035,285.0900294,155.0589908,127.0367461,142.3593786,203.3752793,229.3618118,289.7789999,37.18272723,2.383975938,-0.15615824,1.17545015,chang7,6
蔡34,2251.0037,2251.9352,73.79551521,2.843383679,78.80219034,88.53917254,78.66907941,78.17799201,84.19333267,86.94366044,224.836069,14.57433378,2.494458162,-0.033108477,0.14401095,chang7,4
蛟11,2100.1394,2102.7851,72.35682158,2.953142914,132.3723283,26.60438421,30.40750894,30.43321835,30.07198785,28.30983344,238.2292175,23.08665215,2.572260662,-0.08713173,0.411861643,chang7,1
蛟11,2102.7851,2108.3894,69.54397566,2.621092325,95.89242388,34.93143442,40.26659812,41.67944605,41.67821714,39.20228212,231.1871013,16.3309218,2.52910218,-0.027407616,0.229462121,chang7,2
蛟11,2108.3894,2114.8552,65.84240679,2.424690067,88.39989414,47.43613639,53.73360515,55.30864298,55.5521197,51.4948213,228.9060237,14.1135759,2.489240907,-0.017569129,0.19199947,chang7,4
蛟11,2114.8552,2116.0906,68.25864618,2.800015883,104.6088444,28.69759993,35.72480046,38.289857,38.04580897,34.64226272,228.0188904,16.38744952,2.566925677,-0.059079513,0.273044222,chang7,3
蛟11,2116.0906,2117.657,68.13279234,2.524956567,98.23134014,41.14021982,43.54956681,43.91240283,44.04265567,41.97890064,232.0448881,15.32931437,2.51598353,-0.028058916,0.241156704,chang7,2
蛟11,2117.657,2118.5392,68.573349,2.705933154,114.6121616,37.14949298,38.04212904,37.72449613,37.88622379,36.29350948,237.1390743,18.09169245,2.545663953,-0.081925074,0.323060809,chang7,3
蛟11,2118.5392,2125.8515,67.89237213,2.496434903,92.93828091,38.40107957,39.68918707,39.99154495,39.43864674,36.561304,228.3065129,13.70402643,2.506023872,-0.024706745,0.214691406,chang7,4
蛟11,2125.8515,2127.5601,71.30535278,3.001132679,132.4510905,47.03006287,40.06616542,37.84157664,35.18612658,31.64073664,231.2509542,19.16365712,2.599320825,-0.110730922,0.41225545,chang7,3
蛟11,2127.5601,2129.8467,70.97037466,2.920905113,109.3476008,53.46400673,44.64776049,40.3505767,37.6146688,33.98680436,228.0376394,15.78809412,2.579997552,-0.031678527,0.296738003,chang7,2
蛟11,2129.8467,2131.7537,73.05095434,3.120938897,172.4718084,248.0493696,131.9542758,117.8473001,114.9270986,104.9972049,259.6465607,31.0053196,2.516784891,-0.132803619,0.612359045,chang7,1
蛟11,2131.7537,2135.352,72.88969091,3.155801018,131.2719681,59.70920779,48.96374982,46.31022695,43.90834001,39.81528505,231.215947,22.38655043,2.602621563,-0.076983927,0.406359839,chang7,3
蛟11,2135.352,2136.8766,71.88777865,2.856371018,165.441624,63.79099963,46.83011026,43.2374963,40.246239,36.09539391,260.0021632,28.08054851,2.552503494,-0.157400336,0.577208125,chang7,1
蛟11,2136.8766,2141.9561,70.8218976,2.847431404,108.0324825,45.43391037,40.59517025,38.17066974,36.29476602,33.15935385,224.8103514,14.70939153,2.562860114,-0.033892761,0.290162411,chang7,2
蛟11,2141.9561,2144.1566,72.68896243,3.055269681,125.6567576,42.77627985,36.13076943,33.27801423,31.51192745,28.95132476,227.6338838,18.33363172,2.60905892,-0.083108949,0.378283786,chang7,3
蛟11,2144.1566,2149.2773,69.37810026,2.710625609,104.6803298,37.59599836,32.45287922,30.78272474,29.13531985,26.7384238,222.7929368,13.41672098,2.560521245,-0.033044796,0.27340165,chang7,2
蛟11,2149.2773,2154.9669,64.26894135,2.506987501,91.54332749,37.30358254,35.84371701,35.16999366,34.31453624,31.43794636,224.6246851,11.94396025,2.515782351,-0.029451535,0.207716637,chang7,4
蛟11,2154.9669,2157.771,65.57946247,2.543746668,101.4711118,42.74242766,41.72993668,41.07746638,39.46111944,35.74273109,233.702236,14.39009492,2.5130872,-0.047151978,0.257355558,chang7,2
蛟11,2157.771,2158.6245,67.66683674,3.003061771,130.7753687,44.70995378,34.06072855,32.59598947,31.3094573,28.41825342,232.771574,18.40216839,2.596931368,-0.116417679,0.403876845,chang7,3
蛟11,2158.6245,2162.4446,66.99236941,2.835669845,105.1935041,56.28216624,39.33802211,37.26295561,35.70473838,32.48174465,227.3394337,14.54300922,2.553969264,-0.033457193,0.27596752,chang7,2
蛟11,2162.4446,2163.7792,69.09062958,2.909621835,132.1407344,60.32885488,50.32813549,47.3458252,45.07862123,40.81732162,234.4483337,19.83781942,2.554470579,-0.10191892,0.410703671,chang7,1
蛟11,2163.7792,2165.5572,69.38184052,2.978726721,107.0868581,70.01661326,60.17104518,51.89631856,48.67036209,43.85977097,219.3102193,14.14001894,2.592735116,-0.016176465,0.285434289,chang7,2
蛟11,2165.5572,2167.3533,68.88471018,3.139409892,200.8313121,120.9121674,86.63999456,72.75886256,70.68697726,64.30126076,273.0801951,28.31811256,2.505719407,-0.176992783,0.754156562,chang7,1
蛟11,2167.3533,2170.0037,68.86712057,2.732392311,112.4416497,68.22184996,52.1743386,47.03527797,45.63912409,41.60056842,234.285476,18.46664528,2.523982297,-0.020898187,0.312208248,chang7,2
蛟11,2170.0037,2173.8398,72.63432789,3.062209845,144.902946,37.54712671,33.57272148,32.32791066,31.23859799,28.90053642,236.8385968,21.68717849,2.589509919,-0.137700846,0.47451473,chang7,1
蛟11,2173.8398,2176.5414,71.99953361,2.894953375,110.5552411,42.04167449,34.6808038,31.18684014,29.57309059,27.5653927,219.9359436,15.08350107,2.61544042,-0.019853462,0.302776206,chang7,2
蛟11,2176.5414,2178.9121,73.28774567,3.095332634,145.2156059,36.80787153,32.68683891,29.50509634,27.95220547,25.97862206,239.5188217,20.66510477,2.60479399,-0.155356981,0.476078032,chang7,1
蛟11,2178.9121,2181.6637,73.86744325,3.030043115,128.7039875,50.77909843,38.55886061,35.40388597,34.19815146,31.81341918,232.3372657,17.60886528,2.614255936,-0.044917829,0.393519935,chang7,2
蛟11,2181.6637,2182.4338,73.60982949,2.844989538,205.1980525,31.02638653,29.23089273,28.86721121,28.62323461,26.77215113,264.6254992,27.66069167,2.467797245,-0.145120097,0.775990265,chang7,1
蛟11,2182.4338,2184.9823,73.20698511,2.490582296,188.3776311,76.32482247,54.28783471,50.24973261,47.55224727,43.37935166,238.2283899,21.29275558,2.43197927,0.010376636,0.691888156,chang7,2
蛟11,2184.9823,2187.0983,74.48059972,3.115115431,143.5996713,81.38995658,69.8558907,60.07792494,54.77629322,49.41448498,225.046491,20.81474262,2.608970324,0.039521214,0.467998357,chang7,2
蛟11,2187.0983,2187.7911,74.7019577,3.194456339,170.7928118,58.9416117,59.51256507,51.56511198,47.49067416,44.34646443,240.3689771,23.18406541,2.554321119,-0.065565521,0.603964061,chang7,3
蛟11,2187.7911,2188.9037,74.05364914,2.841853571,134.674691,85.98855057,75.07632809,77.35262337,86.46245708,88.09152317,229.2443451,17.62208242,2.518554497,-0.00385418,0.423373458,chang7,2
蛟11,2188.9037,2189.5799,73.55649439,2.944293221,149.0451342,11.03366248,14.81896257,17.31314278,18.49769274,18.37565883,255.07606,30.3872215,2.221876105,0.011749893,0.495225668,chang7,5
蛟11,2189.5799,2193.2091,73.3379542,3.133836444,133.4626348,40.65713221,40.12512252,39.55791982,38.13844573,35.49058323,229.8812078,22.07996146,2.608364526,0.041921534,0.417313175,chang7,2
蛟11,2193.2091,2196.2165,73.80796631,3.17108757,297.1019067,48.85891689,45.36918678,45.08085773,45.10439091,41.45503162,292.0896167,38.960569,2.400253563,-0.111643021,1.235509529,chang7,6
蛟11,2196.2165,2200.7275,73.39034044,2.755047953,284.9848827,61.59490178,51.74925052,48.76406113,46.89985203,42.70408388,263.8082226,30.23980419,2.37855129,0.046506671,1.174924432,chang7,2
蛟11,2200.7275,2215.3986,72.58620905,3.122325291,369.9331845,699.32991,615.6243908,600.5352861,650.7169062,515.4739752,325.4814357,47.70709068,2.214268041,-0.122893887,1.59966593,chang7,6
蛟11,2215.3986,2217.4224,73.45569925,2.395716821,178.989712,30.3147206,28.47015639,27.49977381,27.27306119,25.59075782,277.6164443,22.07687939,2.435042395,-0.225760699,0.64494856,chang7,5
蛟9,2332.1978,2333.0017,65.58505304,2.909688643,114.1697758,24.72014836,22.10733005,21.23481151,22.84492792,24.45416178,242.3661913,26.23770768,2.605530364,-0.086481419,0.320848878,chang7,3
蛟9,2333.0017,2339.7331,61.52134462,2.649849397,78.55631436,36.16988591,33.2317438,32.25202297,35.87426987,39.49592972,228.0305989,19.29920609,2.517683853,0.036099769,0.142781571,chang7,4
蛟9,2339.7331,2343.331,62.58895226,3.002650531,72.25114759,49.32622223,41.69743563,39.15288773,42.76226743,46.3712244,212.6237823,16.27280553,2.565832567,0.048362286,0.111255738,chang7,2
蛟9,2343.331,2347.3953,66.36456523,2.995069125,106.1869536,32.56972773,27.85684619,26.28539557,28.11395982,29.94204072,223.4032157,21.59421214,2.636679593,-0.036438508,0.280934769,chang7,3
蛟9,2347.3953,2350.1921,63.2005723,2.675020664,77.9808542,39.93480989,37.83143259,37.35803729,42.13864526,46.91826845,225.1096065,19.78781219,2.536574457,0.020775307,0.139904272,chang7,4
蛟9,2350.1921,2355.1426,64.6431588,3.092977937,149.7469309,30.85474152,28.89337174,29.08810955,33.65261352,38.17283044,258.0252008,28.8087208,2.562412948,-0.141308058,0.498734653,chang7,1
蛟9,2355.1426,2357.9367,60.76292552,2.694914994,87.34902374,33.81219756,32.74911283,33.10879226,37.72270443,42.27110639,230.5863448,19.9895187,2.539934925,0.0311909,0.186745121,chang7,2
蛟9,2357.9367,2360.9419,67.23508255,3.254819651,123.1252426,23.31506294,22.33554314,22.09563339,23.81551086,25.53454926,237.4826843,24.25355095,2.644075127,-0.10620919,0.365626214,chang7,1
蛟9,2360.9419,2363.2701,66.89139977,3.214987624,99.47809601,26.53436766,26.27944708,26.33144464,28.54792223,30.76387291,229.4299011,20.27965736,2.639841747,-0.040686215,0.247390479,chang7,3
蛟9,2363.2701,2363.7367,65.37434845,2.999411154,122.9984375,19.94078178,20.25806923,20.26731911,21.75877953,23.25014191,239.9956604,23.861129,2.584377432,-0.120020504,0.364992189,chang7,1
蛟9,2363.7367,2364.4584,64.09461485,2.735609497,105.894298,22.91171374,23.62503597,23.87042073,25.74709702,27.62216078,227.3385097,19.97733634,2.578535114,-0.061073637,0.279471493,chang7,3
蛟9,2364.4584,2365.9824,61.76970467,2.61992869,76.18792079,36.79728655,39.15201466,40.78586593,46.97018491,53.00328123,224.3519193,18.50855108,2.504703045,0.008471945,0.130939605,chang7,4
蛟9,2365.9824,2367.7175,62.74831924,2.860907459,101.6681803,32.75900065,31.19278717,30.96524862,34.16886241,37.3712326,223.1406789,19.39631653,2.592250967,-0.044316383,0.258340902,chang7,3
蛟9,2367.7175,2369.1576,60.93380092,2.689208929,79.56835233,31.58860251,33.36439529,34.33690805,38.93202576,43.52507136,223.3550497,17.7700254,2.547884868,0.004515506,0.147841762,chang7,4
蛟9,2369.1576,2370.0898,60.51530886,2.984369248,103.3446684,27.38067245,27.84509802,28.25610518,31.67966413,35.10112572,225.2361317,18.71542168,2.596534908,-0.061716349,0.266723344,chang7,3
蛟9,2370.0898,2371.4029,57.3307511,2.826411287,78.33233102,29.84795443,33.1468393,34.54583248,38.56690677,42.58658552,227.5669874,18.9783988,2.521416962,0.007230474,0.141661656,chang7,4
蛟9,2371.4029,2372.9262,59.65884869,2.880220083,106.4968878,26.1025954,26.01239835,26.01204476,27.99730961,29.98189838,224.217669,19.65776077,2.619775864,-0.058672955,0.282484439,chang7,3
蛟9,2372.9262,2374.9963,54.73040793,2.645310402,76.34826703,29.26660029,32.78269058,34.32983144,38.58890586,42.84689352,225.3920873,17.46448538,2.517758926,0.011848105,0.131741334,chang7,4
蛟9,2374.9963,2375.4195,52.76627254,2.598784864,89.23937798,29.35680199,31.92521763,33.06544352,37.19555283,41.32547474,225.5074997,16.83601379,2.504897058,-0.0158657,0.196196891,chang7,2
蛟9,2375.4195,2376.6511,52.38529136,2.609559839,77.4563779,29.34801275,32.70752352,34.3998746,38.95938735,43.51861121,228.1054618,17.57278997,2.48535969,0.006470029,0.137281891,chang7,4
蛟9,2376.6511,2377.7093,53.50899463,3.013905393,95.3946974,27.96448559,31.46918212,32.93988758,36.88225153,40.82409456,230.1815287,19.40582954,2.579953432,-0.040837708,0.226973486,chang7,1
蛟9,2377.7093,2378.9372,52.57114723,2.750278213,82.60755643,26.65546348,30.46822825,31.96534954,35.74884501,39.53206721,230.1271598,19.51453833,2.493638342,0.004891842,0.163037782,chang7,4
蛟9,2378.9372,2379.6572,54.65590395,2.818483012,104.3384214,23.71140644,25.05186708,25.83858899,28.58493451,31.33104651,228.4312592,20.92941802,2.596357005,-0.046136563,0.271692108,chang7,1
蛟9,2379.6572,2384.1868,56.15461401,2.68568298,81.74945873,28.01383235,30.06465778,31.07266509,34.42342686,37.77385444,227.322346,18.64908651,2.52646242,0.027930981,0.158747295,chang7,4
蛟9,2384.1868,2386.6377,62.13724754,2.949003696,100.8869981,26.26683589,24.74089205,24.28495562,26.16639591,28.04773912,225.174182,20.2037141,2.62371162,-0.034921623,0.25443499,chang7,3
蛟9,2386.6377,2391.5906,55.48540199,2.672336735,78.58576519,34.32480626,34.38675518,35.10431127,39.91863604,44.69484636,222.2214668,17.90989327,2.530108987,0.034152082,0.142928826,chang7,4
蛟9,2391.5906,2392.7339,58.81891403,2.860778117,91.38923798,32.7243042,30.58940716,30.24817619,34.64847164,38.42834129,229.8753479,20.40096378,2.555191851,0.023343738,0.206946191,chang7,3
蛟9,2392.7339,2394.7662,58.88240971,2.785801341,78.9591226,34.62686258,32.57409376,32.47712584,36.09514405,39.51977079,228.7279493,18.50052093,2.520410496,0.024281307,0.144795612,chang7,4
蛟9,2394.7662,2399.3804,64.62032991,3.041423961,109.2057628,25.93139352,22.95796826,21.96617137,23.44656377,24.92582994,223.4866674,20.26553556,2.658103661,-0.060711574,0.296028814,chang7,3
蛟9,2399.3804,2402.0031,58.56367891,2.636677514,81.13067037,38.25684998,36.72561125,36.38994572,41.77603982,46.79377903,228.0820777,18.77576169,2.502479802,-0.00016865,0.155653352,chang7,4
蛟9,2402.0031,2403.1883,59.63314438,2.75550456,103.0424026,31.07156277,28.33665524,27.42482834,30.63171959,33.83840446,231.3741653,21.19003124,2.539569044,-0.040631655,0.265212013,chang7,3
蛟9,2403.1883,2406.9142,55.48350303,2.563349109,81.31341996,37.44432092,36.32482184,36.09411227,40.99149409,45.88881966,234.2212972,20.1368602,2.486647244,0.043215502,0.156567099,chang7,4
蛟9,2406.9142,2407.4222,54.42782898,2.671942139,110.7577057,41.0925148,39.58912201,40.09035568,45.76404877,51.43758698,242.5325348,23.69912186,2.48142314,0.026304707,0.303788534,chang7,3
蛟9,2407.4222,2410.1322,57.35507534,2.605118762,77.06707631,32.36650508,30.71948914,30.7584775,34.50057569,38.24238736,235.8423979,20.63819413,2.487214462,0.047278237,0.135335381,chang7,4
蛟9,2410.1322,2411.9526,63.75286222,2.9803624,112.4531236,31.32411134,27.99978137,26.89095616,29.49549019,32.09974444,237.991806,21.56596267,2.553164661,-0.092082611,0.312265618,chang7,1
蛟9,2411.9526,2416.0165,65.13733841,2.850110741,100.5588608,32.20052113,28.10505413,26.7396588,29.38019006,32.01994442,230.9323748,21.68862051,2.617084517,-0.032385564,0.252794307,chang7,3
蛟9,2416.0165,2417.7511,59.2057902,2.99351457,186.257254,108.7736885,95.53886503,91.1232535,117.893762,144.6283094,254.6234395,26.86102142,2.509148471,-0.174804819,0.681286275,chang7,6
蛟9,2417.7511,2418.8104,59.55619854,3.051745282,140.9544957,51.54664739,43.33403058,43.64157698,63.61814626,83.59181298,235.3815019,25.61088541,2.521194299,-0.123949412,0.454772476,chang7,3
蛟9,2418.8104,2423.5092,66.20435206,3.533307711,238.9170564,290.8476319,213.8719966,202.2993256,312.3970236,392.4485159,273.6557789,30.41829799,2.436464322,-0.188391068,0.944585275,chang7,6
蛟9,2423.5092,2424.0596,68.10704498,2.751871395,117.4346558,143.3193726,117.7939713,109.283902,141.1748444,172.9630676,229.9191559,19.64727325,2.535783291,-0.114431848,0.337173274,chang7,3
蛟9,2424.0596,2425.4553,68.013038,3.087682823,196.0137285,51.31964938,41.84312995,38.68388526,43.22298447,47.74205796,255.5373001,29.14819574,2.540654123,-0.156675849,0.730068641,chang7,1
蛟9,2425.4553,2426.8951,68.32492418,3.372891646,99.21995016,52.58479925,42.82866463,39.57422447,45.08183582,50.58582277,224.9173666,20.49286798,2.554743693,-0.035791532,0.246099749,chang7,2
蛟9,2426.8951,2446.5388,59.40526431,3.889107428,365.6483675,352.5771847,255.6212028,237.5133276,442.7808425,563.3570257,330.9465555,43.74808418,2.180469908,-0.18436939,1.578241834,chang7,6
蛟9,2446.5388,2448.4852,64.6997077,2.923687598,164.3399389,39.7530935,31.89493802,29.22002742,32.36400049,35.39139518,288.0563678,28.36958425,2.391100883,-0.241606812,0.571699696,chang7,5
西244-105,1930.1028,1931.7648,76.94886344,3.368780732,165.1226109,74.86050224,53.68271487,55.54680783,55.22804533,57.65478883,262.4753124,26.04046427,2.550089666,-0.181970099,0.575613052,chang7,1
西244-105,1931.7648,1939.9423,76.10614014,2.836093621,93.25662093,68.91447998,61.71697166,59.54978567,58.80094742,59.97821623,235.1542356,15.76797891,2.52679038,-0.032150328,0.216283104,chang7,2
西244-105,1939.9423,1945.2302,79.45425238,3.347249114,103.1731738,43.24087476,39.56182932,37.24082818,36.60297119,36.38561919,227.8306981,17.99811412,2.640321399,-0.053668046,0.265865868,chang7,3
西244-105,1945.2302,1946.3715,79.74104233,2.998482585,84.17198105,78.08559761,65.28619041,58.36951332,57.04146252,55.61985035,234.0394104,15.66587191,2.537649107,-0.037516392,0.170859906,chang7,4
西244-105,1946.3715,1952.3165,79.48470727,3.246934059,100.7605666,52.24158379,45.66582816,43.29540124,42.80948654,42.80687823,228.7166776,16.97491099,2.606480311,-0.061886606,0.253802832,chang7,3
西244-105,1952.3165,1953.4835,78.34704056,2.992791843,85.69883728,53.45525322,51.40252953,49.12132835,49.17224617,49.82678604,227.9906525,14.6027195,2.582582211,-0.024263076,0.178494186,chang7,4
西244-105,1953.4835,1954.0609,77.86063512,3.22796011,111.0676676,36.44993973,33.79790624,33.81095886,34.02312406,35.12170919,232.2886759,19.57622337,2.601008375,-0.055550134,0.305338338,chang7,3
西244-105,1954.0609,1964.9034,76.93152783,2.971161105,87.22385129,58.23087896,51.67939485,49.77506633,50.37033848,51.36232159,225.4598666,14.75521449,2.564293498,-0.012584996,0.186119257,chang7,2
西244-105,1964.9034,1972.6818,75.83107951,3.036235934,82.92699747,75.89316843,54.16005177,52.10466264,53.36389499,54.09762491,222.5688767,13.9980732,2.570609047,-0.010732994,0.164634987,chang7,2
西244-105,1972.6818,1973.7398,77.27793037,3.232827822,112.536193,41.34132555,39.26148605,37.390561,37.94481235,38.50222524,233.9440087,20.61558893,2.583937963,-0.060213552,0.312680963,chang7,3
西244-105,1973.7398,1974.7626,78.78488498,3.645761516,158.2282104,36.72290675,35.13394504,35.08723768,35.19316059,35.70935271,258.7628733,28.05180253,2.552340137,-0.14612033,0.54114105,chang7,1
西244-105,1974.7626,1977.1766,79.74914055,3.311521327,116.0068653,36.92934723,35.29442778,33.73373003,33.53388205,33.65372715,236.5175598,20.37686582,2.620320344,-0.07660513,0.330034325,chang7,3
西244-105,1977.1766,1978.3552,80.64642868,3.012124372,81.52631226,79.62764473,74.19306221,69.19135895,67.93955956,67.44148674,220.2410416,13.55767765,2.561610579,-0.019768439,0.157631562,chang7,4
西244-105,1978.3552,1982.5777,81.05252489,3.299167258,106.0219201,42.97832821,41.04248205,38.30783114,37.831624,37.41853469,228.9225359,17.79236867,2.613358212,-0.064894683,0.2801096,chang7,3
西244-105,1982.5777,1985.3087,80.78600776,3.132117437,104.547213,47.39223613,45.05572004,42.62439537,42.93238374,43.86137979,229.4737701,17.46932826,2.599837749,-0.064641782,0.272736066,chang7,3
西244-105,1985.3087,1992.059,78.97422402,2.662624225,79.07188929,80.72250893,71.33984881,67.32082922,70.16795738,74.61585867,233.2029117,15.2225965,2.50293433,-0.017320772,0.145359446,chang7,4
西244-105,1992.059,1997.1383,77.95958128,2.965941548,88.41457331,82.01519367,60.51422283,57.33058294,58.80413137,60.26749556,230.6391718,16.10027372,2.550472373,-0.013156098,0.192072866,chang7,2
西244-105,1997.1383,1998.0473,79.84894371,3.26444909,141.5153017,76.34074402,58.93482113,54.44162369,55.25495958,55.81682777,239.0300922,23.48004174,2.595846444,-0.113131667,0.457576513,chang7,1
西244-105,1998.0473,2002.8732,81.07368107,3.356098145,113.2842232,55.37666874,45.58144369,41.56425314,41.79525776,41.59437633,226.2099827,20.06186996,2.628316617,-0.050026863,0.316421115,chang7,3
西244-105,2002.8732,2005.8785,81.26434845,3.269411716,95.25423309,48.02148987,46.195625,43.34946465,43.75122978,43.45100571,226.7834088,17.42412022,2.607974234,-0.043497521,0.226271164,chang7,2
西244-105,2005.8785,2006.8525,81.91662174,3.389296267,127.8129705,39.68617842,35.64472156,32.27076785,32.85060438,33.86533674,246.2617628,25.93245655,2.604851219,-0.069383153,0.389064852,chang7,3
西244-105,2006.8525,2007.4016,81.77893524,3.426946497,149.0476517,53.43274536,49.4193161,45.11840286,43.78016815,43.15256424,260.1554626,27.96093674,2.58507719,-0.136414622,0.495238268,chang7,1
西244-105,2007.4016,2013.2433,82.34960747,3.349810695,118.1489267,44.25951314,41.97482042,38.68295097,37.91403468,37.41328939,244.2443743,24.69153643,2.626505355,-0.055189824,0.340744632,chang7,3
西244-105,2013.2433,2014.2332,82.64142863,3.377819777,164.9870029,102.9628287,96.5930108,85.17570157,80.00182258,76.98973677,278.7840949,32.25677257,2.529156552,-0.16590248,0.574935012,chang7,1
西244-105,2014.2332,2020.3712,82.28836777,3.351904364,113.6408394,59.79060654,53.1868927,49.91157806,50.09724075,50.63080109,239.5459207,23.22300877,2.608153028,-0.050443769,0.318204196,chang7,3
西244-105,2020.3712,2021.1412,81.74612209,3.408835649,145.8115943,54.41234779,42.51190894,41.06400626,40.93389702,40.85354315,241.4810878,20.52594566,2.578085252,-0.151777955,0.479057968,chang7,1
西244-105,2021.1412,2026.7005,80.23478156,2.83075251,81.16203673,138.8674504,103.7015499,85.60695343,85.32445085,84.35003408,221.8731008,11.98639574,2.558459769,-0.041716397,0.155810183,chang7,2
西244-105,2026.7005,2028.9513,80.5292523,3.091874487,109.3800872,41.72040678,39.76960373,37.74897726,37.88143098,37.53772876,227.1680065,15.33952342,2.615316805,-0.072375223,0.296900435,chang7,3
西244-105,2028.9513,2033.2273,80.90095476,2.951107788,96.18391266,48.71674554,44.60237176,41.12904837,40.66348386,40.65571,228.0558899,13.65309298,2.573844767,-0.065012246,0.230919563,chang7,2
西244-105,2033.2273,2035.174,80.53076531,3.301281326,135.4931708,28.79929296,27.38002429,26.48399028,26.17800802,26.29769034,245.6145289,22.30507963,2.600158846,-0.110032828,0.427465853,chang7,3
西244-105,2035.174,2036.5212,80.60468419,3.279264371,136.6940543,43.10567554,40.2215217,39.44389645,39.28269672,39.77957694,245.092013,21.94930172,2.57707115,-0.116580984,0.433470274,chang7,3
西244-105,2036.5212,2037.9192,79.87949435,3.164488514,199.3037707,58.69188944,53.97154109,49.87896347,49.46869151,49.78396193,251.0356865,23.17819929,2.480100155,-0.189225059,0.746518855,chang7,1
西244-105,2037.9192,2039.8713,79.5544097,2.851094554,173.2698005,68.42285829,59.41275137,54.12851738,51.73097251,50.44205206,252.3857422,21.36290292,2.450826014,-0.073343707,0.616348999,chang7,2
西244-105,2039.8713,2040.8148,80.36731466,3.414147139,175.1256205,51.69356494,45.187731,39.89417267,39.68319321,40.05903456,252.9012265,24.4379389,2.560005956,-0.110111396,0.625628104,chang7,3
西244-105,2040.8148,2043.1604,79.48204041,3.9279796,337.8303017,43.30136356,33.52648973,33.79030046,34.10776424,34.90070534,295.9293808,34.60638971,2.392190707,-0.109658696,1.439151499,chang7,6
西244-105,2043.1604,2044.1683,79.57512326,3.811498483,185.0360896,61.06361177,50.77590349,49.84251065,50.9217915,52.65963491,246.1368849,20.20548736,2.483310779,-0.053051615,0.675180438,chang7,2
西244-105,2044.1683,2045.8095,80.1746036,3.237493481,249.1059374,38.76928547,36.32491071,34.2732078,34.0118791,33.91763932,251.7436949,23.52715233,2.443794336,-0.090676737,0.995529681,chang7,3
西244-105,2045.8095,2046.2118,80.29777908,3.159502268,273.2375145,21.1723609,19.95293927,20.74379945,20.82601476,21.4763937,250.9180107,26.55899525,2.422655582,-0.084994882,1.116187572,chang7,2
西244-105,2046.2118,2046.5125,80.67527771,3.413092931,314.6744588,17.62687651,16.25141843,16.70661799,16.85408306,17.36022536,261.2970276,27.85350418,2.407681306,-0.144677872,1.323372285,chang7,1
西244-105,2046.5125,2047.9512,81.19835369,3.031054405,312.9587285,65.95157829,57.74221098,56.01333149,56.34145502,56.90692139,268.2175821,31.55305657,2.327881098,-0.101676646,1.314793642,chang7,2
西244-105,2047.9512,2051.6982,76.79492384,3.864416015,491.5463926,131.0025332,110.8814438,91.03747312,96.70298749,102.1609703,327.8039354,46.88714144,2.20646083,-0.146766626,2.207731958,chang7,6
西244-105,2051.6982,2057.3912,70.04328886,3.797084499,369.1523502,563.0988935,445.0529454,285.3970727,370.997773,409.6108194,314.7410713,42.54862355,2.224250317,-0.151667174,1.595761754,chang7,6
西244-105,2057.3912,2058.6192,76.40326829,3.405680743,102.0486686,602.1735687,849.3978161,358.0290597,350.1471849,225.8416165,231.6397455,13.87001679,2.49871902,-0.082408328,0.260243343,chang7,4
西244-105,2058.6192,2060.1913,79.42117964,2.896388497,158.6179417,37.17678663,49.64170878,29.80145557,29.22512014,26.15890319,274.7671868,22.02255133,2.473300065,-0.266431373,0.543089711,chang7,5
里231,2001.4119,2004.4723,54.3443881,3.198839315,96.33413598,51.23002969,44.8885926,40.64485931,39.78015008,40.61098102,218.9749603,15.64886616,2.624239756,-0.025199362,0.23167068,chang7,2
里231,2004.4723,2015.3056,58.41943564,3.40714134,119.0162721,22.4474196,21.20925584,19.98789735,19.86758481,20.17176779,223.1730788,17.42077198,2.646688612,-0.08091612,0.34508136,chang7,3
里231,2015.3056,2016.5478,54.42077915,3.229466044,94.92283043,76.27438575,51.83064666,46.39255377,45.41021795,44.74520067,212.1724707,12.93455117,2.615761262,-0.032183213,0.224614153,chang7,2
里231,2016.5478,2019.3441,54.31319454,3.303001019,113.0146297,23.47414191,22.16359185,20.40980975,20.22951354,19.91234361,221.0476971,16.02876593,2.639635028,-0.069552382,0.315073149,chang7,3
里231,2019.3441,2020.1395,51.14028818,3.197817003,100.5180072,96.79412988,47.97902264,42.40948587,41.52036319,42.17561127,225.3911887,14.41209771,2.596340656,-0.073268919,0.252590032,chang7,4
里231,2020.1395,2020.8148,49.55935059,3.050459433,124.6587041,35.90969556,26.53579534,24.0904349,23.7198096,23.24914563,229.8862773,17.78376808,2.63506074,-0.095087085,0.37329352,chang7,3
里231,2020.8266,2023.2179,43.26636365,2.877436531,80.62656107,39.19367533,35.75178952,33.67670071,33.27271925,33.55352717,230.9483042,16.51460581,2.512116928,-0.008831413,0.153132804,chang7,4
里231,2023.2179,2023.7587,45.65342299,3.004761557,107.7026316,37.10900497,34.62890212,34.42972501,34.51925993,35.82620811,231.3490893,17.1029853,2.531240364,-0.07164217,0.288513154,chang7,3
里231,2023.7587,2024.8687,50.8993867,3.125978957,142.9860193,33.15926568,29.16672184,28.29403463,28.56136422,30.41102625,247.4412782,24.14176012,2.585050479,-0.152634298,0.464930093,chang7,1
里231,2024.8687,2028.3087,56.14400618,3.384052283,108.397469,41.62515948,36.6256352,33.39848025,33.04114058,33.3896571,224.6388388,15.66094134,2.608047145,-0.070219505,0.291987345,chang7,3
里231,2028.3087,2030.5312,59.18387748,3.29238472,137.0282633,21.59426812,20.25442903,18.84097159,18.63172752,19.01254162,233.4733676,20.32092031,2.655802488,-0.141252719,0.435141317,chang7,1
里231,2030.5312,2033.5538,49.99415013,3.243304436,112.7476077,21.60368807,20.1668421,18.76683626,18.59254184,18.3859404,225.2017219,16.50212085,2.617797117,-0.072986207,0.313738039,chang7,3
里231,2033.5538,2034.5587,40.38946115,2.882455883,92.56695884,18.41411046,15.79716128,14.80420975,14.25889138,13.92320061,219.3990464,14.0041003,2.571050088,-0.028043541,0.212834794,chang7,2
里231,2034.5594,2035.3044,38.56282568,3.344505906,71.11389494,30.49421811,22.04474097,19.52440518,19.01647323,18.42366844,209.3626251,11.82601774,2.60898751,0.014752842,0.105569475,chang7,2
里231,2035.3044,2036.6579,37.27829334,3.025594609,76.19097137,18.53311454,15.42920606,14.08725142,13.93313343,13.67401161,221.4383093,13.41650377,2.544785832,-0.014229773,0.130954858,chang7,2
里231,2036.6579,2041.2542,48.92897407,3.303117075,119.0744418,24.88124655,22.20733033,21.45753776,21.43267204,21.77818811,226.0428846,17.51673637,2.624839757,-0.08523043,0.345372209,chang7,3
里231,2041.2542,2042.8148,36.8674767,2.627076417,77.96485639,14.17610529,13.8736203,14.10169387,14.22514388,14.81744599,229.8831902,16.50197679,2.540028244,-0.002301424,0.139824283,chang7,2
里231,2042.8148,2043.803,49.01579539,3.263074126,121.5361154,23.85458901,22.0598412,21.05304064,20.93651999,21.31015251,224.2359808,20.12060774,2.636511757,-0.016513797,0.357680576,chang7,3
里231,2043.803,2045.073,56.85356375,3.403969691,92.91924521,66.68901487,42.80442267,37.6791172,35.0270261,33.69009597,217.4413035,17.09779468,2.668307873,0.022270531,0.214596226,chang7,2
里231,2045.073,2046.6077,60.41773796,3.382640168,184.4365613,67.08122623,49.52905703,44.14082658,41.56197578,39.92304969,259.0579319,25.83022976,2.578604296,-0.161682843,0.672182813,chang7,1
里231,2046.6077,2048.0731,59.82827492,3.251359479,115.5166082,54.57823741,42.24188747,37.59251308,35.34652971,34.12860686,227.7117818,15.88114999,2.644441835,-0.05779994,0.327583042,chang7,3
里231,2048.0731,2049.3966,61.04659582,3.30280779,161.9394673,39.92848919,35.05931515,32.3933778,31.30483133,30.93956375,257.8589545,26.20678944,2.586266209,-0.13777796,0.559697339,chang7,1
里231,2049.5381,2052.9879,62.69887461,3.406954684,130.9109504,34.69100636,32.07260688,29.42531973,28.41082878,28.03717207,237.6011026,22.71594865,2.659459714,-0.045628923,0.404554748,chang7,3
里231,2052.9879,2056.3712,61.91464432,3.481341949,187.4537245,112.8239584,89.92191563,73.99093042,71.01731436,69.17098325,262.3205347,26.881471,2.580432584,-0.180111565,0.687268618,chang7,1
里231,2056.3712,2062.7238,57.37472835,3.425356787,125.1032842,45.9114749,38.67511287,34.38671587,33.17062795,32.96867326,222.0608451,18.74815658,2.631980725,-0.037437061,0.375516421,chang7,3
里231,2062.7238,2064.0463,60.02680828,3.53287175,195.6337139,569.5999608,382.7116978,319.0977128,276.1290862,250.4486109,264.7798886,28.86753188,2.555550275,-0.174802254,0.728168558,chang7,1
里231,2064.0463,2069.478,58.781963,3.24479915,131.9608651,45.97641843,36.29334786,33.49524144,32.25556274,32.23536713,227.6209739,20.12804952,2.646244842,-0.050055988,0.409804326,chang7,3
里231,2069.478,2070.7869,41.35537381,2.931682278,76.90933425,18.01116491,16.38859922,16.08784382,16.10468967,16.63717496,225.7601646,14.83819022,2.55057946,0.006221996,0.134546671,chang7,4
里231,2070.7869,2071.657,42.04544703,3.051079445,109.9951969,22.78915024,19.67711125,18.61324522,18.42378002,18.61288913,223.4639426,17.1022057,2.592815823,-0.025772358,0.299975981,chang7,3
里231,2071.657,2073.4777,39.49156746,2.918461104,66.11728709,27.15192679,23.18318166,21.76899588,21.3861168,21.27217898,211.7346633,12.65555098,2.622949948,0.029961641,0.080586436,chang7,4
里231,2073.4777,2076.9687,56.2785759,3.291418858,125.223883,54.52397372,42.22257077,38.14577905,36.81766866,35.74224465,223.9657453,18.9510422,2.650029394,-0.039456005,0.376119416,chang7,3
里231,2077.0237,2078.229,63.30607468,3.232646227,157.6481891,274.0534164,184.9549205,150.405193,134.5291591,125.403867,256.494057,26.33264969,2.544024153,-0.125357051,0.538240939,chang7,1
里231,2078.229,2081.2981,62.20258719,3.14725822,126.7893704,68.5380999,53.49635161,49.74303153,49.3682614,52.25069034,233.414788,22.7869746,2.636140335,-0.025072267,0.38394685,chang7,3
里231,2081.2981,2082.356,61.68653089,3.103221265,180.6642512,510.4185642,401.7434646,241.473843,237.6083305,260.1309268,263.2055296,28.13458633,2.535840121,-0.175186437,0.653321266,chang7,1
里231,2082.356,2083.3085,61.62320614,3.094208384,156.1945892,168.4653648,134.9659111,97.54450073,98.22246361,106.2003967,258.1322083,25.38905087,2.547695422,-0.126390978,0.530972946,chang7,3
里231,2083.3085,2086.263,59.68466231,3.24359591,196.405456,892.2657653,1001.410046,380.6181461,363.9239647,193.5506365,278.3706726,28.97753506,2.514805142,-0.208557837,0.732027282,chang7,1
里231,2086.263,2098.4835,49.21145895,3.172437016,276.1016359,980.2906677,1019.139127,530.891276,518.4330852,450.7497777,310.0108625,36.62597734,2.361768806,-0.208259888,1.130508184,chang7,6
里231,2098.4835,2108.3712,53.71938945,3.524957808,373.2233758,551.9154711,596.8167377,390.5800794,390.514436,426.7328993,326.3887798,38.69273089,2.26527186,-0.22443985,1.616116877,chang7,6
里231,2108.3712,2109.2172,54.59166463,2.88581109,135.3389079,800.8463398,1132.805366,417.8196229,414.6539616,361.1943546,251.336024,15.87535742,2.499390205,-0.153338989,0.426694542,chang7,2
里303,2047.1311,2048.4434,57.90848333,3.32082031,99.15474077,42.22771766,38.08585427,33.48305407,31.11514542,30.04269132,223.7095143,17.1494751,2.603101947,0.012137873,0.2457737,chang7,2
里303,2048.4434,2049.4594,55.05005815,3.425272518,118.5376545,27.64562225,24.50661108,22.24635548,20.88531134,21.17585564,228.1401265,19.235116,2.605023437,-0.090599849,0.342688274,chang7,3
里303,2049.4594,2053.0576,52.10689303,2.976397308,90.56303736,31.41958313,30.60105006,29.29889336,28.19794648,27.92853317,225.9693782,16.23519001,2.541548133,0.009543933,0.202815184,chang7,2
里303,2053.0576,2053.6078,52.02545471,2.900588322,109.7458603,31.54265976,28.54155998,27.04882011,26.49717979,26.45356026,224.1230804,16.33058376,2.592668486,-0.070257859,0.298729298,chang7,3
里303,2053.6078,2058.3068,50.91129606,2.929047364,90.2746404,27.47738721,25.83486665,25.0913128,24.23141274,23.6289308,225.2920149,16.01837095,2.527118096,0.010386176,0.201373203,chang7,4
里303,2058.3068,2058.7301,49.9877882,3.115376532,111.2688351,24.8880496,23.81552553,23.04535007,21.91872501,21.31732464,223.3727112,17.43356609,2.570928693,-0.057015389,0.306344181,chang7,3
里303,2058.7301,2060.8472,53.57805655,3.068657955,91.15256839,29.67587248,28.93788327,27.54719437,25.62178326,24.98120001,223.1534407,16.36525774,2.563639932,0.01150144,0.205762843,chang7,2
里303,2060.8472,2068.8063,57.00812712,3.576922241,138.8108605,36.05120773,34.66694612,32.65370152,30.32673381,29.86406458,239.7882106,24.38276584,2.595463415,-0.127130581,0.444054301,chang7,3
里303,2068.8063,2071.8963,52.49458108,3.1700186,98.82381938,22.58461527,22.15350378,21.55592302,20.74898082,20.59967687,222.8980279,16.74470131,2.586861042,0.000839888,0.244119097,chang7,2
里303,2071.8963,2072.4881,50.98534075,3.305662473,124.8312798,21.17731667,20.72453308,20.12624995,19.2254165,19.14046669,227.964358,19.04439147,2.59120818,-0.107420272,0.374156396,chang7,3
里303,2072.4881,2074.6049,51.85203934,3.139742666,99.58637831,22.10725594,21.39199988,20.59571658,20.02746116,19.68476105,224.0947342,16.09397973,2.589456161,-0.007392243,0.247931892,chang7,2
里303,2074.6049,2075.4514,54.09209013,3.204265207,124.2175598,23.98163772,23.04664993,21.55323744,20.51077509,19.95621252,230.8737469,19.06429625,2.605766982,-0.112188057,0.371087804,chang7,3
里303,2075.4514,2078.9227,55.50511972,3.143665971,101.8073365,17.87082738,17.24477584,16.59945169,16.01935857,15.86447588,220.6756013,15.44352278,2.59204372,-0.002062221,0.259036681,chang7,2
里303,2078.9227,2080.0668,54.37185287,3.238669682,123.4133507,19.56998005,19.25692997,18.95472012,18.25944996,17.78426991,225.269812,17.90820484,2.60456984,-0.114209874,0.367066753,chang7,3
里303,2080.0668,2082.9443,52.38773298,3.12875707,102.4849691,19.00630848,18.66568764,18.0105416,17.28785821,16.99977918,222.2602037,16.9689976,2.573797713,-0.02088047,0.262424845,chang7,2
里303,2082.9443,2084.6799,53.46029867,3.265240049,130.7881312,31.15352669,28.39724007,26.36706645,24.48390681,24.18501345,230.0019663,20.32666372,2.608174356,-0.131343168,0.403940656,chang7,3
里303,2084.6799,2086.7118,51.97155515,3.142727557,96.89902945,18.11263511,17.7368058,17.27923517,17.1279234,16.99739989,224.6004926,17.26230969,2.536128311,-0.017279556,0.234495146,chang7,2
里303,2086.7118,2089.7171,57.65758255,3.143006344,154.4910202,24.33764675,28.26737617,23.55687038,20.5346854,19.20137568,240.2172699,22.2351722,2.593169498,-0.16730001,0.522455102,chang7,3
里303,2089.7171,2103.1364,54.58940958,3.105030844,97.44740225,42.47731958,41.84402121,39.88252606,37.48778988,36.6219111,222.3198741,16.61663912,2.555024725,0.013742983,0.23723701,chang7,2
里303,2103.1364,2103.8991,55.04419436,3.200425557,112.9760557,36.15308598,34.88215637,33.91427095,31.19927161,30.90148572,226.2774048,19.98805291,2.609481301,-0.055529826,0.314880277,chang7,3
里303,2103.8991,2111.8142,52.29867709,3.018300612,93.83863056,37.80279231,38.00900432,37.1311875,35.08719534,34.61257023,222.1424062,16.32616693,2.536761768,0.016395186,0.219193151,chang7,2
里303,2111.8142,2117.699,60.69564064,3.65450952,126.9377027,36.81297525,38.11710636,35.84029794,33.56871879,32.94543954,222.9322567,19.81081382,2.656327824,-0.113185,0.384688513,chang7,3
里303,2117.699,2118.799,63.68888969,3.738972592,153.059446,24.69917789,23.07077723,15.76216416,14.36487103,14.21339397,245.2054062,25.67886639,2.642536783,-0.162973573,0.515297234,chang7,1
里303,2118.799,2126.3348,60.98151204,3.463098401,116.3380889,39.8808219,38.36698784,36.3974181,33.9305724,33.22163285,218.6668056,17.69489205,2.632212924,-0.081521057,0.331690445,chang7,3
里303,2126.3348,2128.367,60.30266885,3.409876192,148.7412253,42.52499435,40.01752932,37.42387637,35.06534677,32.90545306,242.4911095,26.86613128,2.603534881,-0.15009419,0.493706125,chang7,1
里303,2128.367,2129.1331,60.39588765,3.456845386,130.9108734,37.43205752,59.07005692,45.15377263,37.48425702,34.71777153,224.9544569,24.0882503,2.666097164,-0.087216821,0.404554367,chang7,3
里303,2129.1331,2135.5371,60.32589824,3.381369554,283.6020616,38.8561765,36.08856663,33.29699415,31.90658184,31.49743487,270.7259384,36.13772495,2.445406721,-0.124538069,1.168010303,chang7,1
里303,2135.5371,2149.8245,52.83400481,3.674907875,423.2303657,965.3846787,2751.24189,403.1466102,176.1157987,1720.091927,350.681047,54.2600087,2.213825381,-0.12503139,1.86615183,chang7,6
里303,2149.8245,2152.5232,58.87876676,3.554956374,174.9500321,129.6893087,111.5815474,111.9576824,142.7325978,204.387252,273.963359,28.56848849,2.418863058,-0.207588208,0.624750163,chang7,1
里303,2152.5232,2153.5271,61.972062,2.977025827,140.9986013,52.30390082,65.38055568,47.1928446,48.26853328,46.04212189,237.235572,20.45912711,2.56181309,-0.149782247,0.454993006,chang7,3
里408,1988.0348,1988.7969,60.65186146,3.092269966,163.0205296,64.57455608,45.2333652,38.78558786,38.27773721,37.76921191,252.7515782,27.35034507,2.574661902,-0.149135445,0.56510265,chang7,1
里408,1988.7969,1991.252,60.40022587,3.218285583,119.4297932,48.23129845,35.80875251,31.66401745,30.7200529,29.98352423,239.9692986,23.06703545,2.609851849,-0.080995811,0.347148966,chang7,3
里408,1991.252,1992.7334,57.02139517,3.339364675,165.4966102,39.38613114,34.6652006,32.36129511,32.58316715,32.8028183,270.5162682,30.57596471,2.610068486,-0.179287319,0.577483053,chang7,1
里408,1992.7334,1994.6807,60.63291931,2.949414253,113.3654547,36.79059399,34.4377318,32.63571627,33.26215329,33.88640752,248.004478,20.42151395,2.551500923,-0.053760398,0.316827275,chang7,2
里408,1994.6807,1997.5172,54.87640603,3.115175118,129.0424204,32.39027965,30.02913352,28.99243752,30.86936386,32.55165271,250.3036245,23.01785358,2.548296611,-0.131377262,0.395212103,chang7,3
里408,1997.5172,2001.0309,38.05849233,2.71637406,86.68241461,38.03827503,34.67486645,32.98387869,34.57565492,36.07454214,230.974983,15.62305138,2.522799171,-0.035926744,0.183412072,chang7,4
里408,2001.0309,2002.5972,49.20502799,3.101403781,116.1339471,30.03071049,27.16992651,25.70252051,26.46108913,27.21914986,233.8797302,20.90686907,2.609801974,-0.078196752,0.330669732,chang7,3
里408,2002.5972,2008.9047,44.59356091,2.680188366,82.27277883,30.09443818,30.52921426,29.59265107,30.69851412,31.80386319,228.2805918,14.42216537,2.529107089,-0.03191826,0.161363893,chang7,2
里408,2008.9047,2024.4406,47.2283179,2.789610067,86.82384894,37.9009623,33.2924856,31.21093524,31.70081165,32.29799927,227.8882802,15.13593925,2.560459146,-0.038717782,0.184119245,chang7,2
里408,2024.4406,2026.5994,51.26504538,3.054014948,116.2065264,35.20032459,28.13420222,25.77868832,26.27006372,26.76131015,231.6709773,20.10920334,2.624730203,-0.077473366,0.331032634,chang7,3
里408,2026.5994,2028.3354,41.79147237,2.838089355,92.27694753,40.39481735,32.39278768,29.72487183,30.39206785,31.05916519,229.4159719,16.66937173,2.584171804,-0.036364211,0.211384738,chang7,2
里408,2028.3354,2029.1403,41.68311255,3.111966848,116.4598051,40.70873206,32.3419778,29.55240631,30.43817983,31.32283538,235.8254591,21.6648189,2.584696872,-0.070569249,0.332299024,chang7,3
里408,2029.1403,2030.665,48.20972032,2.975123791,93.04067113,40.18126943,33.09680616,30.73465127,32.17476698,33.61382426,231.9844032,18.16977919,2.568281192,-0.029598014,0.215203353,chang7,2
里408,2030.7061,2038.6646,55.24212793,3.261811539,141.062479,47.06650578,43.05206692,41.67382678,44.56050207,47.31734663,250.4253007,28.18965645,2.6054457,-0.101198037,0.455312395,chang7,3
里408,2038.6646,2041.3738,56.46347461,2.870932019,96.02024112,26.61232832,27.34219054,27.54360182,28.67639766,29.80811849,230.2038568,16.18428856,2.555047564,-0.026055926,0.230101207,chang7,2
里408,2041.3738,2046.5383,60.44265184,3.132409283,138.1460555,28.79131721,29.23477777,28.94640037,30.02396447,31.10019448,243.4663402,24.45188858,2.58766675,-0.128641005,0.440730279,chang7,3
里408,2046.5383,2048.0623,54.45519726,2.944126679,92.37903536,32.81005023,32.301499,30.83692668,30.01769667,29.55492328,230.7948526,17.1794942,2.500715531,-0.005432142,0.211895176,chang7,2
里408,2048.0623,2051.3219,54.09830475,3.104002334,175.3404493,32.58304292,28.91760226,26.95618329,26.36856944,25.94764989,258.2658234,28.18048845,2.529886528,-0.159714165,0.626702251,chang7,1
里408,2051.3219,2052.7613,45.39179288,2.845453317,85.51763799,66.35229756,51.74733265,46.65526375,45.19974312,44.11964886,215.7611976,15.81511571,2.591632641,-0.009499055,0.17758819,chang7,2
里408,2052.7613,2054.5403,49.94143244,2.933861605,119.1126114,31.74245084,29.92132988,28.95613683,29.69605306,30.43529154,233.1717428,21.39808757,2.610240205,-0.078270114,0.345563058,chang7,3
里408,2054.5403,2057.5205,41.1586438,2.780903521,81.1357106,45.32128647,39.4076033,37.26910202,38.15008492,39.0303672,228.5369818,16.13469982,2.566192951,-0.025720961,0.155678553,chang7,2
里408,2057.5205,2061.3134,47.58802882,3.176180355,121.1099868,37.80514434,31.66610429,29.6055727,29.96505728,30.32285355,238.4967637,23.01851531,2.639983716,-0.077993163,0.355549932,chang7,3
里408,2061.3812,2069.9155,38.10058519,3.093066516,269.0179687,38.1376604,34.11863301,32.79777414,33.86724902,34.99076419,279.3788547,35.94936656,2.439445534,-0.145766831,1.095089847,chang7,1
里408,2069.9155,2083.9344,35.15049983,3.333251491,348.9495782,156.384772,155.7894219,163.1871914,184.9867393,204.5646267,314.9546282,46.63167126,2.311057707,-0.11786068,1.494747892,chang7,6
里408,2083.9344,2088.3371,50.75801754,2.959697346,140.3774887,94.16728486,99.21038024,103.4580396,115.0046689,126.1713737,260.908891,25.49953492,2.446381675,-0.139691124,0.451887443,chang7,3
里408,2088.3371,2090.5061,47.94191954,2.793066396,93.22970284,77.06086434,94.21017626,101.9979102,106.228948,110.4388722,234.0785929,17.64524174,2.502328157,-0.01252114,0.216148513,chang7,2
里414,2147.1627,2150.9727,56.49830369,2.825440215,90.90884399,51.88134538,39.29662477,35.29705626,34.56995367,32.91441801,225.2346585,17.72656416,2.539816803,0.000343339,0.204544219,chang7,2
里414,2150.9727,2153.8943,63.93051815,3.06118083,118.2599951,54.16796509,45.42860969,40.782142,40.61408138,38.96847963,226.9085331,23.18388383,2.608852655,-0.053352123,0.341299973,chang7,3
里414,2153.8943,2155.7146,63.65143514,3.48190096,217.2296696,174.9772196,158.4096868,125.7376556,118.7414777,110.7607846,297.1915474,44.59623289,2.445060268,-0.100102099,0.836148344,chang7,1
里414,2155.7146,2160.8378,65.8520298,3.277528842,134.6836321,36.83084411,32.42997787,29.5027212,28.85800525,27.44243944,243.1727371,27.35803354,2.633412622,-0.110077068,0.423418161,chang7,3
里414,2160.8378,2162.5295,59.8597374,3.055795256,111.5750605,36.32721329,27.32024117,26.00337423,25.88627243,24.93113454,220.9686371,19.63993327,2.639275599,-0.038495579,0.307875302,chang7,3
里414,2162.5295,2163.6725,55.31510277,2.879688334,92.07523727,134.1097977,102.6977745,99.41927452,99.01964779,94.10688076,223.7456909,16.55188541,2.545001292,0.012135391,0.210376188,chang7,2
里414,2163.6725,2164.6037,53.85429144,2.84829697,103.7685928,49.33383751,39.49035788,37.72762632,36.92941523,34.57550573,223.9647388,17.80588126,2.583273977,-0.044593325,0.26884296,chang7,3
里414,2164.6037,2166.8473,52.00567506,2.63764266,89.81139253,111.8058203,126.393371,129.5019673,128.5428687,132.1641534,226.8296284,18.26378923,2.511804468,0.019140802,0.199056963,chang7,2
里414,2166.8473,2167.44,51.66519101,2.656479875,115.8579979,56.93143463,52.66579819,52.0500412,45.16136138,46.64197477,227.9856695,20.13280805,2.552600861,-0.064649864,0.329289993,chang7,3
里414,2167.44,2173.0279,53.00380549,2.581767777,78.74688389,73.71100293,71.43053602,74.11754434,74.8019041,71.47361332,227.708932,17.36959103,2.490304486,0.011271195,0.143734419,chang7,4
里414,2173.0279,2176.4148,62.8517813,3.03347316,127.382716,28.47171388,25.1259111,24.81536695,24.77184827,24.11481667,227.027504,20.94975495,2.616111534,-0.113663508,0.386913581,chang7,3
里414,2176.4148,2178.6157,66.1064678,2.868824658,116.7940176,31.13291901,27.98054866,27.31934156,27.52246806,26.81252741,225.6111691,19.63351661,2.595236013,-0.086829278,0.333970088,chang7,3
里414,2178.6157,2180.4367,66.12618208,3.300676718,194.239439,142.735936,128.8808113,122.8841544,115.4325284,107.933203,272.1744108,35.37950134,2.520799071,-0.135412283,0.721197203,chang7,1
里414,2180.4367,2183.0607,64.81760094,3.024393754,135.415355,31.59860871,31.79506987,31.22630215,30.31719884,28.81125103,235.5765062,24.33251684,2.619212573,-0.11881959,0.427076779,chang7,3
里414,2183.0607,2184.8819,62.72486162,2.857856557,169.7584329,13.28953078,13.80861777,14.29172444,14.55158281,14.49947327,250.8488007,31.37834442,2.483639121,-0.110484561,0.598792164,chang7,1
里414,2184.8819,2187.8887,59.16577209,3.123390265,103.1250357,35.10709522,36.34782494,37.64490753,38.22244572,37.21335236,219.0374023,17.43804886,2.611894712,-0.033054659,0.26562518,chang7,3
里414,2187.9289,2190.2148,57.80191944,2.80174884,89.65011597,36.67173687,40.29799953,43.12997838,43.28340249,41.4663626,217.4552339,16.57120363,2.591234245,0.000278611,0.198250578,chang7,2
里414,2190.2148,2191.1039,57.25437117,2.969577461,119.6178818,43.34835577,37.44800782,36.4656682,36.76279163,35.30072832,229.5046234,22.74711847,2.652431667,-0.07130537,0.348089408,chang7,3
里414,2191.1039,2193.4744,54.9516552,2.588568425,86.47036438,82.82243671,67.68057365,66.04424,66.33729439,62.63109341,230.4777023,18.06314783,2.531035221,0.021533242,0.182351821,chang7,4
里414,2193.4744,2194.2787,54.73851504,2.685159479,94.04183633,91.7740315,52.56134633,50.32323238,49.9569931,46.52202988,224.0950732,17.94831848,2.573773009,-0.021181472,0.220209181,chang7,3
里414,2194.2787,2197.7927,55.15959338,2.709011818,83.38660536,90.93899155,67.36800845,63.62282904,62.61549391,58.26622167,227.0723661,17.22077606,2.535275591,0.025622618,0.166933027,chang7,2
里414,2197.7927,2198.5121,57.18233272,2.861077513,102.2866211,100.970962,67.02405875,59.7720623,57.9576585,53.60676466,228.6088649,19.47106934,2.598603657,-0.023392392,0.261433108,chang7,3
里414,2198.5121,2200.8826,57.8484127,2.669944918,85.52702904,144.9080666,81.84542198,69.9204092,66.73518429,61.73095894,223.3432472,17.01043906,2.550592816,0.02069627,0.177635145,chang7,2
里414,2200.8826,2201.6014,58.91405487,2.91562908,121.7196939,47.60301753,42.56557356,36.91852515,35.83019447,33.55344064,228.4664416,20.88081769,2.642641953,-0.083785102,0.358598471,chang7,3
里414,2201.6014,2205.9177,57.39579858,2.832332353,90.089532,77.67880143,68.83571614,59.7413578,56.38596068,52.2350137,220.757448,16.22616182,2.58856284,0.020207375,0.20044766,chang7,2
里414,2205.9177,2206.9361,57.35992601,2.783814563,101.6852663,71.66243108,56.12007946,49.22826682,47.04578612,44.02056143,229.0079464,18.91772037,2.575279209,-0.028737615,0.258426337,chang7,3
里414,2206.9361,2211.2531,58.6375636,2.657517592,82.11921692,85.45375877,69.35869948,59.30025609,58.02653435,53.99063884,227.3855671,16.50192356,2.535077002,-0.001130967,0.160596084,chang7,2
里414,2211.2531,2211.9738,60.91383798,2.78533067,100.622648,91.89971052,53.52373723,46.40283476,44.62172318,41.47297015,229.2076939,18.75376211,2.57373098,-0.02540208,0.25311324,chang7,3
里414,2211.9738,2212.8635,62.04011106,2.735863864,88.17786694,179.6559134,83.48676729,72.14997673,69.19732332,64.47382164,225.7686119,15.59007537,2.558088005,0.002657468,0.190889332,chang7,2
里414,2212.8635,2216.2507,64.72832857,2.952795122,111.3863825,46.76864079,42.13453511,37.00594943,35.36840623,33.19259964,216.2123255,17.41214187,2.652626838,-0.0584832,0.306931912,chang7,3
里414,2216.334,2217.0961,60.71233858,3.087871449,87.83384269,98.10315377,90.28338569,69.93900408,65.82321058,61.52597972,200.8937988,11.20221124,2.652688776,-0.008626563,0.189169215,chang7,2
里414,2217.0961,2223.1915,62.72627319,2.945555058,109.2690623,85.10406158,56.53585754,47.80533478,45.71425568,43.01736477,220.0294272,17.91765244,2.646496134,-0.058960096,0.296345312,chang7,3
里414,2223.1915,2224.8006,59.98286601,2.973312157,162.9639838,54.57880838,49.14106342,47.85294342,48.9224378,47.4666451,255.000643,30.57204669,2.568755303,-0.135768732,0.564819921,chang7,1
里414,2224.8006,2227.6791,51.79003207,3.152705491,109.0719401,272.3058612,179.162869,110.2142215,95.23458195,86.81454182,221.1517372,23.01547639,2.651666313,-0.016125545,0.2953597,chang7,3
里414,2227.6791,2228.7376,50.49397363,3.266621484,151.319219,57.89741876,50.81108793,46.40311559,43.02072695,39.711888,251.9918298,32.03639836,2.587581714,-0.115416268,0.506596098,chang7,1
里414,2228.7376,2229.6257,50.55311155,3.036433518,112.0825195,141.3564634,103.6935444,92.10901642,87.2239604,81.49454927,230.8338718,22.98418117,2.643508285,-0.032912228,0.310412593,chang7,2
里414,2229.6257,2235.8082,45.24591461,2.92907352,244.1303094,76.92111773,60.50057682,59.00061432,59.42609554,57.150411,265.8788153,32.53306896,2.493066244,-0.148428656,0.970651549,chang7,1
里414,2235.8082,2249.9036,34.62413677,3.172665761,416.4522808,713.0730475,669.4923304,617.5335468,592.8984073,506.8167494,326.1503966,51.9602675,2.22972859,-0.092277322,1.832261407,chang7,6
